,Data Order,Temperature,pCH4_per_pO2,Contact time,R2,RMSE,MAE,n_estimators,max_depth,min_child_weight,gamma,subsample,colsample_bytree,learning_rate
0,96,-3.4910691646765213,-2.0175202489669424,1.944562651984671,0.7044087635996095,1.0226004246102853,0.6881954486264026,900,15,8.231367487994495,0.00812625790652335,0.859309648382493,0.5316608057542304,0.09640554098579665
1,97,-3.4910691646765213,-2.0175202489669424,2.330910202362631,0.7010181655446199,1.0284486035175435,0.6917690104178448,426,36,3.006133906335581,0.0006503031875455776,0.9627768198142731,0.6366758496105119,0.0389266032650854
2,98,-3.4910691646765213,-2.0175202489669424,2.717257752740591,0.7058906506535522,1.0200339033802757,0.6850483149734625,958,20,5.8095039369137735,0.05923386826472518,0.5823409499073396,0.6570733182782015,0.09992071374523281
3,99,-3.4910691646765213,-2.0175202489669424,3.103605303118551,0.7042158201286438,1.022934114964745,0.6881955783545265,923,36,7.378351673141875,0.025929434118174832,0.726201180727765,0.5953915880321561,0.03934651179629828
4,100,-3.4910691646765213,-2.0175202489669424,3.489952853496512,0.7051401957010646,1.0213344431435365,0.6872107852376989,813,49,2.23097167315671,0.004836047105333516,0.9321316479780267,0.6297012854958502,0.08583913507263127
5,101,-3.4910691646765213,-2.0175202489669424,3.876300403874471,0.7036715330794823,1.0238748581303723,0.6891965194275335,249,17,2.937656565950886,0.0031670303537992273,0.6804521946771168,0.6450064101039852,0.08314526454543643
6,102,-3.4910691646765213,-2.0175202489669424,4.262647954252431,0.6966475196993706,1.0359384836337082,0.6966847455379409,628,2,4.4350822835449835,0.2449239474987562,0.7264613860390474,0.5174284350835441,0.04374491897274123
7,103,-3.4910691646765213,-2.0175202489669424,4.64899550463039,0.7040062052099799,1.023296514799518,0.6887847022494947,810,9,4.510572207349632,0.004705365729852681,0.9965671208413571,0.5718580107572463,0.03651401216152356
8,104,-3.4910691646765213,-2.0175202489669424,5.035343055008351,0.7039813354540145,1.0233395032008072,0.6877250787126509,870,8,3.5064886378320894,0.040345208449754644,0.5873200465311699,0.5184399879650555,0.09932980734694659
9,105,-3.4910691646765213,-2.0175202489669424,5.421690605386311,0.7044251941023597,1.0225720034825425,0.6881276378514816,993,17,3.6368746279520203,0.003889501730995743,0.9951209543827891,0.5685254700838234,0.07818858226077625
10,106,-3.4910691646765213,-2.0175202489669424,5.8080381557642715,0.7044298157833744,1.0225640088564871,0.6884517734094407,323,8,5.683966989619988,0.00042520996605936723,0.6698417951692344,0.6395842733901901,0.06252365255613129
11,107,-3.4910691646765213,-2.0175202489669424,6.1943857061422305,0.7048645488631999,1.021811723940116,0.687877433260463,598,12,7.736948446732306,0.01933107266742029,0.7135297627837258,0.5438745409409372,0.09305317264229775
12,117,-3.4910691646765213,-1.8336576239057147,1.944562651984671,0.7029607266689659,1.025102112655293,0.6895564191179411,378,50,5.028388510890684,0.005443698008566367,0.6241805881259193,0.5972336583413685,0.04687786794596399
13,118,-3.4910691646765213,-1.8336576239057147,2.330910202362631,0.7052067909768018,1.0212191003794029,0.687571259178556,781,43,5.46215600318248,0.013276363210086878,0.8835992591399253,0.5007769274663887,0.07877748063541674
14,119,-3.4910691646765213,-1.8336576239057147,2.717257752740591,0.695914923787585,1.0371886244753508,0.698331017448332,732,38,7.735554471857098,0.3106681768665374,0.7207817343437092,0.5785705921461914,0.0999044242142769
15,120,-3.4910691646765213,-1.8336576239057147,3.103605303118551,0.7057089596971508,1.0203489262142953,0.6866235226622038,642,14,2.6381335857549146,0.017588133016986227,0.749771193049855,0.6063462898264412,0.06014992336818553
16,121,-3.4910691646765213,-1.8336576239057147,3.489952853496512,0.7017122958647646,1.027254062410686,0.6916293492690997,404,25,3.0213346686123668,0.0106321966692274,0.5478840833403572,0.5619017035052792,0.03957173111814047
17,122,-3.4910691646765213,-1.8336576239057147,3.876300403874471,0.7381750333395265,0.9624223947942584,0.5401550749982055,502,4,6.066448251789048,0.0007052708602412194,0.8256079872231592,0.8981839991146638,0.024179994630366897
18,123,-3.4910691646765213,-1.8336576239057147,4.262647954252431,0.7010304984459432,1.0284273917172193,0.6924131607390451,616,41,7.583862904977959,0.051445219524146504,0.969771925641571,0.6294700901048932,0.06816812741260203
19,124,-3.4910691646765213,-1.8336576239057147,4.64899550463039,0.7045321348960851,1.0223870003080502,0.6880713077500521,779,30,6.493808731850116,0.0256052705565033,0.5421679795893528,0.523766580134722,0.0708658066714131
20,125,-3.4910691646765213,-1.8336576239057147,5.035343055008351,0.7341626946118356,0.9697686819609553,0.5508955798187153,129,26,3.6576475329191958,0.026799602582904238,0.7510101794951933,0.8325314183947585,0.06354177412716269
21,126,-3.4910691646765213,-1.8336576239057147,5.421690605386311,0.7034463617320339,1.024263790560514,0.6885518265049051,920,32,5.981693507151714,0.013929504757522075,0.6147888092136153,0.6132818154725086,0.0639601891409661
22,127,-3.4910691646765213,-1.8336576239057147,5.8080381557642715,0.7043467932042478,1.0227076125504904,0.6883333637092852,821,19,6.150105420575129,0.014192253175178037,0.8244525896747156,0.556639636727533,0.07222151634411808
23,128,-3.4910691646765213,-1.8336576239057147,6.1943857061422305,0.7053925743222437,1.0208972554445204,0.6872150288206368,600,6,7.291167711264061,0.020390571251785856,0.6868355901379771,0.570214487424048,0.0949134635798756
24,537,-3.1045670823406133,-2.0175202489669424,1.944562651984671,0.705422493667337,1.0208454146724133,0.687083675326321,873,16,4.267808173020285,0.019555726239882054,0.513556277272476,0.5500825447878924,0.04403561542800556
25,538,-3.1045670823406133,-2.0175202489669424,2.330910202362631,0.7350639874176714,0.9681233379544173,0.5473885785530325,525,2,1.708867244779343,0.023202584658525073,0.9582357139075408,0.6911445666522085,0.052095316996071665
26,539,-3.1045670823406133,-2.0175202489669424,2.717257752740591,0.7055750315297973,1.02058107381523,0.686734879558003,623,4,6.051894696143419,0.00013151089968369,0.6681433676931277,0.6640547888555336,0.0705654617505136
27,540,-3.1045670823406133,-2.0175202489669424,3.103605303118551,0.698900822613618,1.0320838355004065,0.694960123340435,452,32,3.2098980669931554,0.042880443031633325,0.997946801454283,0.5157851978082335,0.050088317296604415
28,541,-3.1045670823406133,-2.0175202489669424,3.489952853496512,0.6987570650492803,1.0323301864774774,0.6941623270362534,750,1,7.575871502137619,0.11398547105538495,0.960970124249278,0.9113833222802674,0.09441464057229644
29,542,-3.1045670823406133,-2.0175202489669424,3.876300403874471,0.7049931006384031,1.0215891650823845,0.6873381363522516,940,9,5.865471111540305,0.15877358894613658,0.5886739914755199,0.6496109937651696,0.062194752559440326
30,543,-3.1045670823406133,-2.0175202489669424,4.262647954252431,0.7049247613010327,1.0217074855081474,0.6879967812651923,596,18,5.209200915251165,0.006727328127770063,0.6008998628510457,0.6117916410478327,0.05475333483083686
31,544,-3.1045670823406133,-2.0175202489669424,4.64899550463039,0.7050607345328621,1.021472052542751,0.6881776640699402,580,29,2.2620692489151457,0.01027849366021881,0.6168009312783906,0.5164647284889381,0.03839605767912564
32,545,-3.1045670823406133,-2.0175202489669424,5.035343055008351,0.7036597834066487,1.0238951566786032,0.6897311406620933,820,48,6.637098356088524,0.18747474351906868,0.7331366476508883,0.5275251710625893,0.07017664820441169
33,546,-3.1045670823406133,-2.0175202489669424,5.421690605386311,0.702762039504041,1.0254448965951848,0.6898155781741239,189,17,2.310843851874778,0.025983991646236798,0.8829017364337395,0.5238725693223542,0.0941470936001832
34,547,-3.1045670823406133,-2.0175202489669424,5.8080381557642715,0.6897811747442146,1.0475970484123072,0.7048847791987305,218,23,9.000600449289442,0.038434264846225225,0.9895135553007472,0.5398779820918402,0.053480359000532975
35,548,-3.1045670823406133,-2.0175202489669424,6.1943857061422305,0.7051824446892919,1.0212612695674075,0.6879184841597189,585,23,5.2192954956941175,0.057182318023849675,0.7223616862474963,0.6058644641232445,0.07661192577794732
36,558,-3.1045670823406133,-1.8336576239057147,1.944562651984671,0.738043260019395,0.9626645520702074,0.5405751556658239,667,4,3.281055368148357,0.015226160500673946,0.7889760530357662,0.9093014165075305,0.04420766015642967
37,559,-3.1045670823406133,-1.8336576239057147,2.330910202362631,0.6969879096389662,1.035357110420461,0.6963240474676323,147,15,8.456037670841381,0.014400550554420771,0.9661964037324612,0.5805573624915298,0.08983665063142476
38,560,-3.1045670823406133,-1.8336576239057147,2.717257752740591,0.7045108047722091,1.0224239032175992,0.6885384697387288,766,28,4.066441938168522,0.011708456249498796,0.7309342098073986,0.6002287020033358,0.026961776975545464
39,561,-3.1045670823406133,-1.8336576239057147,3.103605303118551,0.7013701202353534,1.0278430919844845,0.6918108958226821,923,43,6.567270425181256,0.007951490285038079,0.8391995687224051,0.6497407778926679,0.01769051234382345
40,562,-3.1045670823406133,-1.8336576239057147,3.489952853496512,0.7046710682779298,1.0221466012630533,0.6877665323126183,971,43,6.652016933564468,0.007613932018775132,0.8973938998500168,0.5442295575464545,0.06985062339489372
41,563,-3.1045670823406133,-1.8336576239057147,3.876300403874471,0.7044353712636681,1.022554398853182,0.6880691703917561,894,9,6.283760321422239,0.013541057494860616,0.7681131961263437,0.521336429121148,0.05325285157964495
42,564,-3.1045670823406133,-1.8336576239057147,4.262647954252431,0.7329627207117285,0.9719549568450259,0.5611821811223879,635,2,1.2075996812747003,0.044654119864111295,0.6188401697270872,0.937984813167126,0.08981709132682496
43,565,-3.1045670823406133,-1.8336576239057147,4.64899550463039,0.7063550193238026,1.0192283205146049,0.6855410566845648,386,27,5.677192160963036,0.01162656807820639,0.5086384570800047,0.5649520438923135,0.0862671582027657
44,566,-3.1045670823406133,-1.8336576239057147,5.035343055008351,0.7323148024527588,0.9731333800139886,0.5561375986057444,978,2,1.9481540830729682,0.0703419409727466,0.8350721023214913,0.8572858288720001,0.03629663748215663
45,567,-3.1045670823406133,-1.8336576239057147,5.421690605386311,0.7054546150730291,1.0207897554945087,0.6873614707734587,645,50,7.4840384242008655,0.013377169318339464,0.8613614675138153,0.6630860026707418,0.038185116070364636
46,568,-3.1045670823406133,-1.8336576239057147,5.8080381557642715,0.7044227669880212,1.022576201902075,0.6883425239712058,810,27,6.433954797785401,0.005722105448860142,0.6176405713923021,0.5786700376737026,0.0449288295119504
47,569,-3.1045670823406133,-1.8336576239057147,6.1943857061422305,0.7054381578220222,1.0208182725914279,0.6866569958461003,871,32,5.4080788880257,0.029817915706349618,0.596195711733464,0.6003600569957857,0.08573460050807793
48,978,-2.718065000004707,-2.0175202489669424,1.944562651984671,0.7045518058073283,1.0223529667953486,0.6880109664045801,265,34,7.262017857596502,0.0008040558171597545,0.8727338172017933,0.5386329273709044,0.08959158662511887
49,979,-2.718065000004707,-2.0175202489669424,2.330910202362631,0.7050047275212783,1.0215690333250753,0.6872460076406767,595,32,2.0098628704362076,0.020274110439362503,0.6807824965686016,0.5248034634202495,0.09566446685343913
50,980,-2.718065000004707,-2.0175202489669424,2.717257752740591,0.6973399761432322,1.0347554504321663,0.6965304563708646,764,2,2.4152985443169985,0.2744687067516653,0.6892123655913824,0.5517437310035394,0.03604478850041824
51,981,-2.718065000004707,-2.0175202489669424,3.103605303118551,0.7050722040973398,1.021452190905384,0.6875320396256418,607,30,5.657315227282581,0.001509877320851713,0.6999112726476711,0.5493055891294294,0.03984678572177252
52,982,-2.718065000004707,-2.0175202489669424,3.489952853496512,0.7400156651789356,0.9590335093273222,0.5373036133826267,788,45,3.8690722852254567,0.006322084131489306,0.6224133420161362,0.8435533163982117,0.05167219203441403
53,983,-2.718065000004707,-2.0175202489669424,3.876300403874471,0.7047287463720371,1.022046783161395,0.6880226143166622,826,19,7.136377279690992,0.017049206180451415,0.7148148413766559,0.6461393697924112,0.05246393556510534
54,984,-2.718065000004707,-2.0175202489669424,4.262647954252431,0.7045273702924674,1.0223952435888566,0.6884412470109982,298,50,3.410685781167131,0.02027948047082896,0.708304318250151,0.574445503922618,0.08046401791168255
55,985,-2.718065000004707,-2.0175202489669424,4.64899550463039,0.7384747057810948,0.9618714655888974,0.5528060055621459,716,2,2.06830317114981,0.044425816213841784,0.5717879293513957,0.6767707760321225,0.09287294971954303
56,986,-2.718065000004707,-2.0175202489669424,5.035343055008351,0.703401462335485,1.0243413264251569,0.6889232707048764,593,18,3.534553844039592,0.03376578512646511,0.5329697486478279,0.6222819454888548,0.08170799837595051
57,987,-2.718065000004707,-2.0175202489669424,5.421690605386311,0.7035968823663837,1.0240038166741745,0.6884149882321773,863,40,3.2356833199296577,0.017827455546284603,0.8549515561649854,0.5712738833001122,0.08935591325926154
58,988,-2.718065000004707,-2.0175202489669424,5.8080381557642715,0.7040746869250285,1.0231781319899227,0.6878802212282928,662,15,3.980774601181076,0.15274822461008036,0.6913873882545515,0.5019167908300446,0.08979980308110488
59,989,-2.718065000004707,-2.0175202489669424,6.1943857061422305,0.7023036023553053,1.0262353758984815,0.6909603890605244,491,4,4.382506440179896,0.020293935591844052,0.9884815011956408,0.5395960604920549,0.06628012778051869
60,999,-2.718065000004707,-1.8336576239057147,1.944562651984671,0.7055699561113506,1.0205898703750331,0.6867833837694682,671,38,7.190824693296322,0.046511044508480585,0.7947359029034191,0.6529656270435851,0.07546951982485452
61,1000,-2.718065000004707,-1.8336576239057147,2.330910202362631,0.7041056573395933,1.0231245896286285,0.6884600688806094,743,31,6.240650353826203,0.005999273425894644,0.9515758341102132,0.5455564343378598,0.030078150591386556
62,1001,-2.718065000004707,-1.8336576239057147,2.717257752740591,0.741272325880395,0.9567129087545972,0.5369485437069775,842,3,5.953110567281692,0.01148527740437466,0.6707504065463454,0.8548109276438198,0.05214879669152586
63,1002,-2.718065000004707,-1.8336576239057147,3.103605303118551,0.7041913504453288,1.0229764268223094,0.6887503333734244,789,49,5.525379445749597,0.015149760267032047,0.5537871455285471,0.5182030630702892,0.042787799233786325
64,1003,-2.718065000004707,-1.8336576239057147,3.489952853496512,0.7050788229540776,1.0214407289751375,0.6871696564494101,887,6,7.501468569189596,0.016212478938224778,0.8808562084244498,0.5416268314023337,0.07931213783651785
65,1004,-2.718065000004707,-1.8336576239057147,3.876300403874471,0.7031766627528313,1.024729440083533,0.6895179323307308,357,37,3.910538472645808,0.009325985569311634,0.5785583102022244,0.619109254301067,0.051270648818116424
66,1005,-2.718065000004707,-1.8336576239057147,4.262647954252431,0.7026362592589401,1.025661839054555,0.6903146124141374,604,10,4.737720006819052,0.0004732419976580717,0.7852932334760262,0.6159563372916081,0.029112694396104834
67,1006,-2.718065000004707,-1.8336576239057147,4.64899550463039,0.7064805021536794,1.0190105246579644,0.6864343454086305,541,30,1.0153162899201018,0.18123838399684894,0.6135563868733626,0.5355816100110061,0.09011410965515686
68,1007,-2.718065000004707,-1.8336576239057147,5.035343055008351,0.7048012963414656,1.021921213846288,0.6879759754309706,548,13,5.1454765559742395,0.03604743064177725,0.7814185173876615,0.6291444410938131,0.06652463190749737
69,1008,-2.718065000004707,-1.8336576239057147,5.421690605386311,0.7393558371373874,0.9602497291602654,0.5387886900587396,894,10,4.476449696629979,0.006622172126399546,0.8658139685898839,0.999223840217015,0.014480480722725828
70,1009,-2.718065000004707,-1.8336576239057147,5.8080381557642715,0.705235534256506,1.0211693131032968,0.6868810611567215,379,18,6.170761801106114,0.005063627926580251,0.6141520089017075,0.5414056134867256,0.07624849477454199
71,1010,-2.718065000004707,-1.8336576239057147,6.1943857061422305,0.7043900060301707,1.022632870081965,0.6881747712088997,879,25,6.75015782314566,0.007342115194742371,0.7057023637341171,0.5676362623984214,0.03230017607804244
72,1419,-2.3315629176687986,-2.0175202489669424,1.944562651984671,0.7052354143966388,1.021169520721955,0.6857950630280277,973,7,5.457938588477603,0.03230387968042323,0.5872644263679317,0.5036240634343108,0.08314563998582088
73,1420,-2.3315629176687986,-2.0175202489669424,2.330910202362631,0.7049269249557149,1.0217037396393869,0.6878819633575571,544,49,7.374726690605104,0.0077477686270911355,0.836555378570741,0.5867487975491177,0.08762815663599545
74,1421,-2.3315629176687986,-2.0175202489669424,2.717257752740591,0.7042893037083146,1.022807039997755,0.6888700339100481,587,44,3.1489640413672353,0.016331404134458688,0.6005759125040365,0.5218475019475199,0.0706823700585627
75,1422,-2.3315629176687986,-2.0175202489669424,3.103605303118551,0.7025420066003675,1.0258243734910704,0.6904304706510418,884,45,5.93434259361602,0.030301401785551907,0.9723815162227109,0.5486501160146392,0.042735350582958805
76,1423,-2.3315629176687986,-2.0175202489669424,3.489952853496512,0.7045590038058783,1.0223405129368737,0.6875266503211027,477,24,3.2137816138999873,0.020642489065054715,0.7629561907537545,0.5222636985053357,0.0885499245582209
77,1424,-2.3315629176687986,-2.0175202489669424,3.876300403874471,0.7052735649832439,1.0211034349728736,0.687393007425319,749,19,4.753398479839953,0.014243403092320861,0.9343373022284759,0.6308643981935176,0.09506865949582582
78,1425,-2.3315629176687986,-2.0175202489669424,4.262647954252431,0.7048204928251023,1.021887986036426,0.6874904656958257,380,13,5.035973860526306,0.0074026736819933076,0.5598008098444437,0.6099787674723292,0.05860828711038416
79,1426,-2.3315629176687986,-2.0175202489669424,4.64899550463039,0.7045067346539589,1.0224309447134057,0.6880070431433418,831,23,6.662550597451712,0.01351732484424583,0.6719967116138332,0.5484178748085067,0.053783837481854224
80,1427,-2.3315629176687986,-2.0175202489669424,5.035343055008351,0.7041759891139374,1.0230029880400369,0.6883334149483475,907,15,5.501999060965575,0.012337620947752204,0.7585549414811267,0.6128666901840858,0.05778782959841576
81,1428,-2.3315629176687986,-2.0175202489669424,5.421690605386311,0.7040859391789758,1.0231586791599165,0.6885494051606262,537,19,2.448983907111068,0.007233200253993967,0.9894122960514308,0.5126924542018536,0.0601287615433687
82,1429,-2.3315629176687986,-2.0175202489669424,5.8080381557642715,0.7046194733712212,1.0222358835001057,0.6879092763988515,917,40,4.451674422584191,0.01763448453370485,0.9670796866134734,0.5208901395625871,0.06622696301833841
83,1430,-2.3315629176687986,-2.0175202489669424,6.1943857061422305,0.7053761429089145,1.0209257247725418,0.6868689156945618,971,9,4.927467486358871,0.015926891827128503,0.8297856398674649,0.5827360985960284,0.08195423375296411
84,1440,-2.3315629176687986,-1.8336576239057147,1.944562651984671,0.7041908886506534,1.0229772253197222,0.68795023510982,891,48,3.4728921110189903,0.02654241264726896,0.6887662772557179,0.5358151805566758,0.07714533486406726
85,1441,-2.3315629176687986,-1.8336576239057147,2.330910202362631,0.705198479206631,1.0212334970452115,0.6873402204555993,783,41,3.7463517907173527,0.013665520953977384,0.9624986003416475,0.5785482879648907,0.06133950230751578
86,1442,-2.3315629176687986,-1.8336576239057147,2.717257752740591,0.702929707108338,1.0251556365322114,0.6899544080348629,679,5,4.448208404948468,0.0032308390996042824,0.9769997326331777,0.6112024309635565,0.027487000934794358
87,1443,-2.3315629176687986,-1.8336576239057147,3.103605303118551,0.6967310872857817,1.0357957835614642,0.6971445063429129,453,7,2.355766685630843,0.013334691148499875,0.6002529145562335,0.6102894542210312,0.030492185723573918
88,1444,-2.3315629176687986,-1.8336576239057147,3.489952853496512,0.7047939628700062,1.021933907302288,0.6876033434414363,999,19,6.46372539996567,0.004584536049928087,0.9590146737104674,0.5003488991425807,0.054029638038298765
89,1445,-2.3315629176687986,-1.8336576239057147,3.876300403874471,0.7042114539523257,1.0229416648854803,0.6888422856092874,579,8,4.166672286056108,0.013033602464330912,0.8778670518654212,0.5463412976012062,0.035094273065741234
90,1446,-2.3315629176687986,-1.8336576239057147,4.262647954252431,0.7049286386103734,1.021700772832072,0.6875020867353868,822,49,8.300085330829516,0.006018191824490413,0.9465454675529629,0.572396364469183,0.05764858427964803
91,1447,-2.3315629176687986,-1.8336576239057147,4.64899550463039,0.7050515496989663,1.021487957475035,0.6876054344604973,822,47,5.2261375854837375,0.037804936701627094,0.5738927501625161,0.6548360530199342,0.07085954811383012
92,1448,-2.3315629176687986,-1.8336576239057147,5.035343055008351,0.7389919090039009,0.9609198765128405,0.5420566093854271,925,2,6.47053381697552,0.006294191660655896,0.8361935405107634,0.9141978686019803,0.06934615123332082
93,1449,-2.3315629176687986,-1.8336576239057147,5.421690605386311,0.7419520169758742,0.9554554149787089,0.5366211561677887,740,2,1.402964323563802,0.002706036005261661,0.7893707640526447,0.9119144208893093,0.05999375053714008
94,1450,-2.3315629176687986,-1.8336576239057147,5.8080381557642715,0.7319549583501175,0.9737872426599077,0.5550767273897955,492,2,7.1802732085338,0.08466589779265843,0.697896621566908,0.6951069525388727,0.08276419647645379
95,1451,-2.3315629176687986,-1.8336576239057147,6.1943857061422305,0.6981182632613767,1.0334241625686316,0.6957151753067483,740,33,2.4148988729595695,0.044777700764595474,0.971147887178909,0.561406850966257,0.021053360788209238
96,1860,-1.9450608353328926,-2.0175202489669424,1.944562651984671,0.704624856816209,1.022226568099763,0.6880683530242873,315,21,2.0600044145565253,0.004296398025834841,0.8696345229574564,0.552069742869975,0.08538478490554076
97,1861,-1.9450608353328926,-2.0175202489669424,2.330910202362631,0.6916540608058271,1.0444299288386392,0.7035341800499622,917,46,5.947225918597394,0.19001621665492177,0.9448183484409273,0.6398052148858183,0.016530490791280456
98,1862,-1.9450608353328926,-2.0175202489669424,2.717257752740591,0.7039720909202201,1.023355482299247,0.689076546789347,618,42,2.184860258255169,0.01788526327442111,0.8685730698424122,0.6332690345734288,0.03150535498573359
99,1863,-1.9450608353328926,-2.0175202489669424,3.103605303118551,0.6950385125655145,1.0386822027491243,0.6995664090670302,977,15,8.529062431032136,0.013594105390105526,0.9184990805361005,0.5291809379994153,0.013166409065953396
100,1864,-1.9450608353328926,-2.0175202489669424,3.489952853496512,0.7045544050417262,1.0223484696603267,0.6882946235625544,584,27,4.123370786652956,0.03570469834263673,0.5929705228013182,0.5618504510392291,0.07687897535575633
101,1865,-1.9450608353328926,-2.0175202489669424,3.876300403874471,0.691524754017385,1.044648899979398,0.7030456272750014,520,46,4.857423131705865,0.39415867042773445,0.7525264361441849,0.5978790048044328,0.08952417545654057
102,1866,-1.9450608353328926,-2.0175202489669424,4.262647954252431,0.7050617118772606,1.0214703601081845,0.6874249523648637,835,26,4.777903347225853,0.014122878309308097,0.9109205848749387,0.5972484179482161,0.057498507339865376
103,1867,-1.9450608353328926,-2.0175202489669424,4.64899550463039,0.704759137417625,1.0219941842895335,0.6875065469679373,480,43,4.629171776346663,0.02021754315949918,0.8064604606889568,0.5333127911610309,0.0803793516800422
104,1868,-1.9450608353328926,-2.0175202489669424,5.035343055008351,0.7052240696295695,1.0211891716899648,0.6876642896031814,795,32,5.911525349189047,0.016167272173482704,0.706185739910224,0.5076257635052508,0.03473963020748712
105,1869,-1.9450608353328926,-2.0175202489669424,5.421690605386311,0.7027126283862847,1.0255301250648665,0.6898830252248247,458,32,6.601707421417087,0.0011279481183281564,0.8829074311301811,0.5830607437508722,0.040199203980276904
106,1870,-1.9450608353328926,-2.0175202489669424,5.8080381557642715,0.7038838524610423,1.023507989174773,0.6887117552297757,837,7,5.014754887101829,0.021104520151034208,0.6636920968289174,0.574429493154134,0.08067288376526098
107,1871,-1.9450608353328926,-2.0175202489669424,6.1943857061422305,0.704315087363776,1.022762448646258,0.6880347259505465,838,23,5.530953239060273,0.010629002167893885,0.6011414260701102,0.5479731175391735,0.03261310474802304
108,1881,-1.9450608353328926,-1.8336576239057147,1.944562651984671,0.7040652013272599,1.0231945303478924,0.6886586386555493,688,44,6.770258406739586,0.0014237810304650982,0.8611768700945573,0.6630775419717204,0.02829996287957406
109,1882,-1.9450608353328926,-1.8336576239057147,2.330910202362631,0.7041190539700515,1.0231014283592037,0.6886360222379573,324,14,4.273700420824923,0.01748765712275091,0.7383619936733278,0.6045024274826619,0.067624826382723
110,1883,-1.9450608353328926,-1.8336576239057147,2.717257752740591,0.7057797021857851,1.020226281704644,0.6867521317439463,411,44,7.251542478471428,0.005738762205255009,0.8417308389572465,0.5620610279432676,0.08106075490632585
111,1884,-1.9450608353328926,-1.8336576239057147,3.103605303118551,0.702365878199715,1.026128029928211,0.6907222048339218,616,8,6.5097858185995925,0.1465553519771844,0.6881040165692723,0.5385454577879482,0.044025335450468044
112,1885,-1.9450608353328926,-1.8336576239057147,3.489952853496512,0.7048681787890445,1.0218054401945076,0.6880469815148968,818,34,6.439599166244451,0.0308477636313069,0.6782366853164598,0.643852987192513,0.03622530985245583
113,1886,-1.9450608353328926,-1.8336576239057147,3.876300403874471,0.7038659953947357,1.0235388496574673,0.686640641628216,960,10,2.165142886085654,0.02656379344260215,0.5228714782916509,0.5276379423062924,0.058719519439733324
114,1887,-1.9450608353328926,-1.8336576239057147,4.262647954252431,0.7048149995181748,1.02189749468811,0.6875345457376059,826,28,5.126491763358072,0.032770057103001786,0.5134258858424379,0.5756640266882428,0.08433617248063857
115,1888,-1.9450608353328926,-1.8336576239057147,4.64899550463039,0.7038709040340297,1.0235303666670674,0.6888683501107449,610,25,5.533133540818903,0.005642241098340621,0.6915033903971112,0.5394837416278121,0.03102547728538691
116,1889,-1.9450608353328926,-1.8336576239057147,5.035343055008351,0.7051513069476513,1.021315199412123,0.6875415239315975,688,30,4.8286856153669175,0.017845998483092144,0.931785666488206,0.5305733911987589,0.09685936625991586
117,1890,-1.9450608353328926,-1.8336576239057147,5.421690605386311,0.7046699221725384,1.022148584622061,0.6876735887300088,999,28,1.409110760444102,0.006891189982243112,0.8909731446863215,0.5009460414673687,0.07477209984781702
118,1891,-1.9450608353328926,-1.8336576239057147,5.8080381557642715,0.7011720591183457,1.0281838850888618,0.692167659352994,540,14,5.120933012301559,0.031214130121965222,0.8651896542218047,0.6016919867573426,0.03123725680179215
119,1892,-1.9450608353328926,-1.8336576239057147,6.1943857061422305,0.7048276072867284,1.021875671111959,0.6874004536143182,986,21,7.762707773863982,0.013240650580345903,0.8511791153447413,0.6160175764244681,0.09748733553786117
120,4731,1.9199599880261815,-2.0175202489669424,1.944562651984671,0.7063801820516515,1.0190838888162186,0.6866016100595702,287,50,3.2888805360522486,0.005780493358467746,0.5558222585747051,0.5740026305714686,0.06731081523384509
121,4732,1.9199599880261815,-2.0175202489669424,2.330910202362631,0.7061848308054773,1.0194228410830617,0.6857739219727677,359,22,5.80783079098283,0.014042944324391252,0.6129182291256561,0.643135416143053,0.06394707657451389
122,4733,1.9199599880261815,-2.0175202489669424,2.717257752740591,0.706026305739498,1.0196978137495436,0.6863483297420833,753,27,3.452036824773733,0.007030098037704831,0.9913503258698323,0.5000035543276483,0.08743810252530033
123,4734,1.9199599880261815,-2.0175202489669424,3.103605303118551,0.7057605723246163,1.0201585804452702,0.6860563599415059,593,48,6.7088979518144,0.012611445281700277,0.5413458200694418,0.5035919125543813,0.09182074998897968
124,4735,1.9199599880261815,-2.0175202489669424,3.489952853496512,0.7052239698976464,1.0210883848234185,0.6876222399125266,576,47,4.953545805854406,0.0014835710528997431,0.8018465335226095,0.5655791638867141,0.03190552673426561
125,4736,1.9199599880261815,-2.0175202489669424,3.876300403874471,0.7046590391147718,1.0220663614724905,0.6879911399501472,285,49,6.254870728467194,0.004967379661242291,0.9850352983979775,0.6108194541245044,0.06797170860487727
126,4737,1.9199599880261815,-2.0175202489669424,4.262647954252431,0.7067116540903552,1.0185084964486886,0.6857542972990681,583,33,5.9302105079513066,0.07752946608527135,0.6974708600579883,0.6119548719020608,0.09274897354619485
127,4738,1.9199599880261815,-2.0175202489669424,4.64899550463039,0.7064154392938768,1.0190227022681955,0.6860569092479252,779,16,3.0521370861745036,0.012884410799076105,0.6535941036501703,0.5818683179661615,0.033547408199488996
128,4739,1.9199599880261815,-2.0175202489669424,5.035343055008351,0.7061548027439148,1.0194749325217571,0.6860047598567235,371,48,2.6182176145831138,0.013115738029323226,0.5305204054484751,0.5194136570436788,0.05311604195582502
129,4740,1.9199599880261815,-2.0175202489669424,5.421690605386311,0.6963867690923624,1.036281153467279,0.6976752055794669,834,2,1.6994093968237018,0.23169221884529606,0.94350378053084,0.6199016079781855,0.08958300120198565
130,4741,1.9199599880261815,-2.0175202489669424,5.8080381557642715,0.705941924822062,1.0198441480393858,0.6860718387509619,872,37,7.950133390646299,0.023106239893621178,0.9200579161893253,0.5135065467406005,0.09223764219938207
131,4742,1.9199599880261815,-2.0175202489669424,6.1943857061422305,0.7054436845889663,1.0207077739238457,0.6866134738675227,874,49,6.498059795429427,0.0040864101757139,0.7424914664260737,0.5038002711654934,0.043337307267873014
132,4752,1.9199599880261815,-1.8336576239057147,1.944562651984671,0.706831415226411,1.0183005267306022,0.6858130990228493,259,50,6.004071683051396,0.0021314231356161506,0.6031730830841028,0.5013136280902712,0.09500435074430247
133,4753,1.9199599880261815,-1.8336576239057147,2.330910202362631,0.7074829454182918,1.0171683751416178,0.6852127034815191,886,2,5.859637540476456,0.08100537025676693,0.6480637066798014,0.6098952604937968,0.03965398600341777
134,4754,1.9199599880261815,-1.8336576239057147,2.717257752740591,0.7053148152195594,1.020931031033547,0.6872437719915508,764,46,7.971477205249591,0.013854516845588503,0.9697233925837503,0.5809658103577091,0.032817042687691964
135,4755,1.9199599880261815,-1.8336576239057147,3.103605303118551,0.7058612551876894,1.0199840265530131,0.6864593982296344,870,38,3.3711406836801943,0.021273064839005373,0.8080939013432302,0.5836120501947493,0.09814497609337151
136,4756,1.9199599880261815,-1.8336576239057147,3.489952853496512,0.7051639161021577,1.0211923910925005,0.6865968236858124,883,22,2.412629180850982,0.012084387026631838,0.7388623031253461,0.5978223722033653,0.07924272443750016
137,4757,1.9199599880261815,-1.8336576239057147,3.876300403874471,0.7062749947357156,1.0192664124295805,0.68602172421578,613,7,6.333651515920909,0.0011234566989341346,0.7599114911193766,0.5458653523807584,0.04272656733905623
138,4758,1.9199599880261815,-1.8336576239057147,4.262647954252431,0.7053834547965683,1.020812123876264,0.6873150285655388,818,48,5.613598951016741,0.028028995288181074,0.6696757222824337,0.5267320137053408,0.09164719066785851
139,4759,1.9199599880261815,-1.8336576239057147,4.64899550463039,0.7010871195959614,1.0282283357744186,0.6923322318815286,630,3,6.987443992999081,0.08846858062052654,0.8975040658958621,0.6111137892742848,0.03206554539957766
140,4760,1.9199599880261815,-1.8336576239057147,5.035343055008351,0.7066803456388813,1.0185628577510046,0.6865234618148013,220,15,4.9323814533033,0.002463883272632472,0.6505786347473187,0.5608042388464796,0.0921863918219258
141,4761,1.9199599880261815,-1.8336576239057147,5.421690605386311,0.7069849282912976,1.0180338833856934,0.6857138995880695,294,23,2.0214565276754755,0.017698928685998344,0.5259910908709088,0.5191679532281719,0.08574268899986208
142,4762,1.9199599880261815,-1.8336576239057147,5.8080381557642715,0.7054059951463502,1.0207730732818152,0.6872504928159826,315,4,5.101766792733191,0.0037364308949595464,0.8901977037681686,0.5524591861684166,0.0679593838670166
143,4763,1.9199599880261815,-1.8336576239057147,6.1943857061422305,0.696286983236902,1.036451432124247,0.6980923939117474,899,8,7.417550862158628,0.12638590037635317,0.9657652874257254,0.5007053567054832,0.02057345256339551
144,5172,2.3064620703620897,-2.0175202489669424,1.944562651984671,0.7047290176392744,1.0219604003505551,0.6857675293838913,968,9,6.067402528384885,0.032259535982484266,0.5934728585147545,0.5817322586160107,0.08773336168818305
145,5173,2.3064620703620897,-2.0175202489669424,2.330910202362631,0.7056962853125502,1.0202851254302328,0.6867458805042056,543,26,3.277208559110185,0.007054247241406136,0.8062057634296682,0.5852373823446932,0.05579554380377973
146,5174,2.3064620703620897,-2.0175202489669424,2.717257752740591,0.707325891194164,1.0174564648347673,0.6845662094579585,368,6,3.836016410127854,0.012639671960571164,0.5479782508420918,0.6110699083327312,0.07751162968031469
147,5175,2.3064620703620897,-2.0175202489669424,3.103605303118551,0.7037871180112101,1.0235891037308735,0.688854274905,697,16,1.3795648678594108,0.016674644325093246,0.970130314711348,0.6592607957982163,0.030114027752291998
148,5176,2.3064620703620897,-2.0175202489669424,3.489952853496512,0.7052217173134625,1.021107404611941,0.6870139578216999,330,44,5.256706573186999,0.006804218365946648,0.6930712744630882,0.5115912432070769,0.09040257009407639
149,5177,2.3064620703620897,-2.0175202489669424,3.876300403874471,0.7050552053776431,1.021395761279617,0.6877174725954608,312,43,7.98815474136543,0.015332629723088095,0.9074748432119519,0.5684316326221998,0.07109454701509303
150,5178,2.3064620703620897,-2.0175202489669424,4.262647954252431,0.7066253180519732,1.018673478233857,0.6854886363944482,968,14,7.23323646138769,0.0344354739538859,0.8305294939758224,0.6551042640837202,0.09965373410230809
151,5179,2.3064620703620897,-2.0175202489669424,4.64899550463039,0.705127060727335,1.0212713359269325,0.686917467331087,899,36,1.6257120951259876,0.005289868836144379,0.779504655513703,0.5928400588084647,0.04510260542269306
152,5180,2.3064620703620897,-2.0175202489669424,5.035343055008351,0.6874851384923636,1.051378328099228,0.7073858003283819,118,37,4.432026059489066,0.007216850317243728,0.7860246572568936,0.5155622449433342,0.08975766846088291
153,5181,2.3064620703620897,-2.0175202489669424,5.421690605386311,0.7059748037867015,1.0198022305402927,0.6865419500812782,585,10,2.2022981993289905,0.009304180159595101,0.8478921984356015,0.6288434842678297,0.09447545404991542
154,5182,2.3064620703620897,-2.0175202489669424,5.8080381557642715,0.7055108363953649,1.020606529756684,0.6865934639133894,986,34,6.02447170415911,0.08869296895230191,0.7595801040893668,0.5131530051623832,0.07791433712780792
155,5183,2.3064620703620897,-2.0175202489669424,6.1943857061422305,0.7243324166633422,0.9874532255607416,0.5765706991430615,993,2,7.3649265850875265,0.023921400875315135,0.9960609868053963,0.8305650046403218,0.025811099565732694
156,5193,2.3064620703620897,-1.8336576239057147,1.944562651984671,0.7364418228396767,0.9655214597760118,0.5455474852676654,383,2,4.696104016479882,0.009041268524647084,0.9134886238122755,0.9423894393329295,0.08308242431487776
157,5194,2.3064620703620897,-1.8336576239057147,2.330910202362631,0.7061927427463601,1.0194242087916232,0.6864839844370724,601,18,4.6684873131417035,0.017832820969102464,0.7389042613112633,0.6639228667484117,0.05886354220882842
158,5195,2.3064620703620897,-1.8336576239057147,2.717257752740591,0.7061896531317033,1.0194295688016624,0.6863198260770611,372,49,5.586848243128964,0.006714552455479639,0.6746762792300302,0.5850088711892943,0.07318474258661295
159,5196,2.3064620703620897,-1.8336576239057147,3.103605303118551,0.7048259654538439,1.0217926138641678,0.6874341846204164,409,28,4.300446762899344,0.0023671725364843507,0.959481322737767,0.660556815196042,0.053829573413654755
160,5197,2.3064620703620897,-1.8336576239057147,3.489952853496512,0.705479428187775,1.0206609537747093,0.6882027659944406,551,29,6.7772558440360084,0.0384763908873753,0.6060121852345006,0.6507145389187109,0.08900276731997966
161,5198,2.3064620703620897,-1.8336576239057147,3.876300403874471,0.693182945946013,1.0417498129286273,0.7019014489301478,365,10,1.0086995272676194,0.189604408844807,0.6053803907123938,0.6343048599697475,0.03855437061529134
162,5199,2.3064620703620897,-1.8336576239057147,4.262647954252431,0.7041382928477409,1.022982166355404,0.6877686711739038,836,26,6.71644528490008,0.009355592612438696,0.8442761141786246,0.5585219581313691,0.08591267417411372
163,5200,2.3064620703620897,-1.8336576239057147,4.64899550463039,0.7045545125399453,1.0222623449544626,0.6881572138914869,946,40,7.00612404742679,0.006052255607856077,0.9983706906598988,0.529510130706334,0.047487217689725636
164,5201,2.3064620703620897,-1.8336576239057147,5.035343055008351,0.705280901618306,1.0210048927086526,0.6870847323588073,690,49,3.4125020973883964,0.004173771522988132,0.9842830487151396,0.5450142625044045,0.0643576550405867
165,5202,2.3064620703620897,-1.8336576239057147,5.421690605386311,0.7054300962420413,1.020746430117169,0.6862281230083862,376,35,2.7337996936667275,0.014961064078362618,0.5789307574379245,0.5792524154562231,0.06964585358246182
166,5203,2.3064620703620897,-1.8336576239057147,5.8080381557642715,0.7056132175073725,1.02042910401804,0.6876266014528417,463,48,2.510177592113376,0.16572682180069673,0.6045068300590093,0.5103267328821596,0.09727063609001761
167,5204,2.3064620703620897,-1.8336576239057147,6.1943857061422305,0.7053671439613965,1.0208554957109985,0.6872355117588933,918,20,4.676856522433043,0.018372006753325083,0.7821653326480463,0.5579627688912777,0.02868488554418554
168,5613,2.6929641526979977,-2.0175202489669424,1.944562651984671,0.7381931979102294,0.9621988026774367,0.5448674785612825,544,2,1.9870090851078483,0.03682954778680192,0.9510479196102074,0.869212417234518,0.03144697973066772
169,5614,2.6929641526979977,-2.0175202489669424,2.330910202362631,0.7078159853742458,1.0164887470949113,0.6839847982655186,272,16,2.3538637165255443,0.008373713069334987,0.7618844189540486,0.56414651150791,0.09787275272504087
170,5615,2.6929641526979977,-2.0175202489669424,2.717257752740591,0.7074370969733819,1.0171475973428534,0.6850831972593343,709,50,6.342675803624731,0.0063454500136759864,0.9991050048227409,0.5071740262704127,0.03980261692062062
171,5616,2.6929641526979977,-2.0175202489669424,3.103605303118551,0.7085121531411879,1.0152770642434465,0.683219903102002,858,18,4.887542513139058,0.014897470304891913,0.7150099123684404,0.6027078609636073,0.06365699122375171
172,5617,2.6929641526979977,-2.0175202489669424,3.489952853496512,0.708998266296258,1.0144301241693687,0.6826505444233476,602,5,2.573301581333529,0.00799323934912631,0.5470291403581515,0.6035632707173055,0.04499087649208208
173,5618,2.6929641526979977,-2.0175202489669424,3.876300403874471,0.707442474764593,1.0171382488702858,0.6843450463322516,822,19,5.959901027513459,0.02624924971382152,0.5010614000682495,0.6502090976382251,0.0691536977884975
174,5619,2.6929641526979977,-2.0175202489669424,4.262647954252431,0.7062209661382317,1.0192594538514184,0.6864351803550099,225,35,4.551871343035027,0.011437929164164532,0.9868176273472574,0.6460974383922751,0.07816435785974275
175,5620,2.6929641526979977,-2.0175202489669424,4.64899550463039,0.7093271732617279,1.01385667833212,0.6827164715930014,835,15,5.5318307620276705,0.00800797405881877,0.9681738776602842,0.5548416259486372,0.06895997211404058
176,5621,2.6929641526979977,-2.0175202489669424,5.035343055008351,0.7026593607126534,1.0254192936818254,0.6903890037323533,474,4,3.893046904287032,0.27364588581302773,0.7264663778133273,0.5157680993149374,0.09522867735598907
177,5622,2.6929641526979977,-2.0175202489669424,5.421690605386311,0.7081979323572591,1.0158241457589001,0.6828564808858364,999,31,6.5293972112382646,0.03198933480293749,0.5887475692695517,0.597306631688013,0.053564940118972795
178,5623,2.6929641526979977,-2.0175202489669424,5.8080381557642715,0.7084199883194839,1.0154375605302441,0.6836687953301949,704,5,4.956031755461254,0.011527387032436498,0.5424226953784795,0.5366255181833834,0.03172415718329435
179,5624,2.6929641526979977,-2.0175202489669424,6.1943857061422305,0.7087522479308188,1.0148588427763692,0.6835423535096524,656,24,6.556899629586383,0.019533866738230633,0.8657225461857976,0.5649620684557592,0.061546754317790615
180,5634,2.6929641526979977,-1.8336576239057147,1.944562651984671,0.7096186732244445,1.0133481799639217,0.6827503717262486,543,47,5.368697377456489,0.013173621665141806,0.793009189616787,0.5232771482459861,0.09030479754425895
181,5635,2.6929641526979977,-1.8336576239057147,2.330910202362631,0.7464040869628266,0.946990177265478,0.5308816698245986,951,3,3.9426052501247413,0.009426754235062451,0.5903737324200511,0.9754234794912695,0.09691159718145786
182,5636,2.6929641526979977,-1.8336576239057147,2.717257752740591,0.7089633527920018,1.0144909764669743,0.683344709738087,572,22,3.3486956068832523,0.01762216283516921,0.5386464321270493,0.5874849500077082,0.0829573536445032
183,5637,2.6929641526979977,-1.8336576239057147,3.103605303118551,0.7080079466667619,1.016154781950673,0.6841724052415676,752,13,4.693551153236229,0.0027373669932508338,0.9274900784340954,0.6172194694583516,0.02669925210765734
184,5638,2.6929641526979977,-1.8336576239057147,3.489952853496512,0.7093838829035335,1.0137577728817915,0.6835842503770139,192,5,5.988020653140803,0.004180049143709071,0.7233028709576513,0.5868616370440256,0.09971643565032307
185,5639,2.6929641526979977,-1.8336576239057147,3.876300403874471,0.708278446653281,1.0156839925221575,0.6835723855714875,865,29,3.5965310932926005,0.011829778273676733,0.9341314385645396,0.5832612311468262,0.08220003110861887
186,5640,2.6929641526979977,-1.8336576239057147,4.262647954252431,0.745654912186341,0.9483879481220505,0.5305986886927758,575,3,5.067869459483077,0.002198156420884165,0.761744799814457,0.7149063270505563,0.09752674631086786
187,5641,2.6929641526979977,-1.8336576239057147,4.64899550463039,0.7085107843592434,1.0152794480328526,0.6842088014877918,538,4,3.0210890816628972,0.028226794282736632,0.6352738869736105,0.6329587024987294,0.08122229369378059
188,5642,2.6929641526979977,-1.8336576239057147,5.035343055008351,0.7088524981049587,1.014684165836473,0.6831112323462976,871,32,4.853363628112884,0.01820636819995594,0.800640886392375,0.6315622800177177,0.06742144686755068
189,5643,2.6929641526979977,-1.8336576239057147,5.421690605386311,0.7105019460424229,1.0118058208301937,0.6824077765836601,577,47,5.591337127103317,0.014618153782944137,0.5973217286151564,0.5758419387121223,0.08774904419692872
190,5644,2.6929641526979977,-1.8336576239057147,5.8080381557642715,0.7085026494099322,1.01529361526234,0.6840521593572703,256,47,6.5237362757867166,0.017852164164040493,0.6570417818661878,0.5521021334398009,0.08689619598531118
191,5645,2.6929641526979977,-1.8336576239057147,6.1943857061422305,0.7083262829299655,1.0156007135667766,0.683871516958054,289,43,3.339514690098577,0.0034445453010770316,0.8475959976113806,0.6563889536520496,0.08687342043732957
192,6054,3.079466235033906,-2.0175202489669424,1.944562651984671,0.7090224744420489,1.0143668427977552,0.6825067870416859,609,16,2.6263401612203037,0.011350830280661889,0.7551811509174229,0.6405176290096032,0.07016116679954722
193,6055,3.079466235033906,-2.0175202489669424,2.330910202362631,0.7089267335513683,1.0145337086021449,0.6830653824716957,965,27,4.144565945602291,0.0038281313798734663,0.916604010522456,0.555311802855317,0.0220280178817068
194,6056,3.079466235033906,-2.0175202489669424,2.717257752740591,0.7088661637275591,1.0146392609468364,0.6827964662455686,424,29,2.148751333163533,0.0431543679085144,0.7764841975435602,0.5172217742768588,0.0670374297507681
195,6057,3.079466235033906,-2.0175202489669424,3.103605303118551,0.7088436617724898,1.01467847130831,0.682999756410355,448,8,7.959755991688406,0.013793313398019424,0.9034662290378402,0.6530875607471988,0.0730464405536111
196,6058,3.079466235033906,-2.0175202489669424,3.489952853496512,0.7064041508940063,1.0189204462640482,0.6862324721332734,625,5,2.9132256650585497,0.001073294253877477,0.661849375804276,0.5605559594077921,0.02558124192086693
197,6059,3.079466235033906,-2.0175202489669424,3.876300403874471,0.7094901066880288,1.0135514166226818,0.682121234404071,262,24,2.9692097922861973,0.0034110282111837753,0.8396150766862777,0.6119791636415227,0.09968562069071547
198,6060,3.079466235033906,-2.0175202489669424,4.262647954252431,0.7095168717331339,1.013504725658167,0.6824481668820092,898,42,7.665951003525501,0.018528622410042273,0.8337766380112832,0.515706314327175,0.03744791519328504
199,6061,3.079466235033906,-2.0175202489669424,4.64899550463039,0.7093442379091961,1.0138058433336166,0.6822975503020305,837,47,2.080908473001756,0.00556478478746488,0.9350431517685731,0.5596679738917486,0.08700406685857315
200,6062,3.079466235033906,-2.0175202489669424,5.035343055008351,0.7098910825012109,1.0128516987365506,0.681972347629175,867,28,5.4342838079127835,0.02241491116126885,0.5714771788924927,0.5748086494755326,0.04090615655582695
201,6063,3.079466235033906,-2.0175202489669424,5.421690605386311,0.7482480802839724,0.943521317808816,0.5306888746672876,748,2,7.845262074423052,0.0001478719104795051,0.9338296510400222,0.7692555420132202,0.06800155924577445
202,6064,3.079466235033906,-2.0175202489669424,5.8080381557642715,0.7089776054877808,1.0144450478497975,0.6836168302321614,321,10,6.685200263471467,0.026314938870319438,0.8663675771518566,0.5423504897759373,0.08327505143026012
203,6065,3.079466235033906,-2.0175202489669424,6.1943857061422305,0.7070146021054557,1.0178606137101367,0.6851100299859937,346,15,4.9563206864345455,0.00660624376364051,0.6866792301423541,0.5252681403323063,0.05409918751031908
204,6075,3.079466235033906,-1.8336576239057147,1.944562651984671,0.7100647125602435,1.0125485577250746,0.6810309606373983,423,44,3.9149539492318803,0.014777306907857363,0.5195844536251738,0.662969288281052,0.07401446095523213
205,6076,3.079466235033906,-1.8336576239057147,2.330910202362631,0.7103371636964622,1.012072701808322,0.6800364752398538,970,10,3.9801643254788948,0.058070687989109415,0.527327700188271,0.622286708786228,0.09256653550471065
206,6077,3.079466235033906,-1.8336576239057147,2.717257752740591,0.7470741144725204,0.9457186664225087,0.5318125924998822,880,2,8.108420072567885,0.005883650143666358,0.840365079149624,0.6826788159102882,0.09622693247323906
207,6078,3.079466235033906,-1.8336576239057147,3.103605303118551,0.7094930833953315,1.0135462239361304,0.6831457464772461,538,6,5.238633613609868,0.02225293153142559,0.5506041993744297,0.5907824954234786,0.07024016353641752
208,6079,3.079466235033906,-1.8336576239057147,3.489952853496512,0.7074770081466186,1.0170570740894376,0.6842319741412749,436,7,3.441946445816974,0.0020445621104264733,0.5138111356590577,0.6159156400481737,0.056221131020121815
209,6080,3.079466235033906,-1.8336576239057147,3.876300403874471,0.7083360100083043,1.0155626680681946,0.6840720962733283,641,28,4.264216246843788,0.004029259303251209,0.8787576924151236,0.6456879293860759,0.028120044146853856
210,6081,3.079466235033906,-1.8336576239057147,4.262647954252431,0.7086642861085197,1.014990984855616,0.6832196145268049,723,46,3.0809281691256216,0.011719188931641936,0.7033881224706999,0.6178742567443984,0.036385713711566986
211,6082,3.079466235033906,-1.8336576239057147,4.64899550463039,0.7086374163152468,1.015037789912171,0.6826942167933597,448,49,2.0460864324913515,0.002031564484116513,0.623527550276556,0.5011690691277942,0.04933179709623875
212,6083,3.079466235033906,-1.8336576239057147,5.035343055008351,0.7085833862627119,1.0151318994614587,0.6836385575371865,314,33,4.384123412896442,0.00036046151910300653,0.6217681666840836,0.6389473780587394,0.06555215141273417
213,6084,3.079466235033906,-1.8336576239057147,5.421690605386311,0.7088265103703442,1.0147083571461515,0.6831309865857894,250,31,2.036184324105957,0.0058452339064805625,0.7429977819063891,0.5233724434890521,0.09970084343985053
214,6085,3.079466235033906,-1.8336576239057147,5.8080381557642715,0.7062343310123471,1.0192150824726411,0.6862696306521229,980,27,3.6375927331885207,0.0021810430547684117,0.8912438991672448,0.5714061113845297,0.016515205276788972
215,6086,3.079466235033906,-1.8336576239057147,6.1943857061422305,0.7093039147457221,1.0138761643909442,0.6829189286600857,287,4,2.677907771378679,0.0008913942758582323,0.6996597584152043,0.6517256469961361,0.07203585610337578
216,6495,3.4659683173698106,-2.0175202489669424,1.944562651984671,0.710214718117644,1.0123014578213665,0.6821026175271954,554,47,2.006862459042214,0.011058059560261896,0.8930668336338601,0.5226415000401621,0.08767580322770982
217,6496,3.4659683173698106,-2.0175202489669424,2.330910202362631,0.7080925316875201,1.0160013931465266,0.6830466754888422,984,19,5.9966839296382854,0.04154344674862379,0.5821304914691487,0.6560655627519559,0.05267513321117026
218,6497,3.4659683173698106,-2.0175202489669424,2.717257752740591,0.7095258810959807,1.013503894365276,0.6825498252431557,365,42,4.876424163469307,0.011887638030140372,0.7938486743539745,0.5569751533298256,0.08481639406083556
219,6498,3.4659683173698106,-2.0175202489669424,3.103605303118551,0.7082833959198876,1.015669181648241,0.6837574684908719,743,23,6.111220981764075,0.020984407139423344,0.7046815746897632,0.6185423218097943,0.0972832118735029
220,6499,3.4659683173698106,-2.0175202489669424,3.489952853496512,0.7094260671712076,1.013678011620428,0.6829129665963495,263,44,5.898812693630681,0.0039774978127609245,0.6100650114698148,0.5260449134600267,0.08364623351910096
221,6500,3.4659683173698106,-2.0175202489669424,3.876300403874471,0.7087206335744514,1.0149077314353299,0.6832109244571681,925,11,4.071390231787587,0.014738990298220268,0.7534464924326989,0.5456373279685138,0.06427709312064704
222,6501,3.4659683173698106,-2.0175202489669424,4.262647954252431,0.7482142097316654,0.9435986451427946,0.5281482689423967,597,41,5.350109886269112,0.0096457623544473,0.5396221535368871,0.8952310365890204,0.05189799243190404
223,6502,3.4659683173698106,-2.0175202489669424,4.64899550463039,0.7064212035737107,1.0189058204306105,0.6862361630766586,552,22,4.036660165226724,0.00837979379861236,0.8369410840906689,0.5294944992846943,0.029957180631460696
224,6503,3.4659683173698106,-2.0175202489669424,5.035343055008351,0.7088101157269662,1.0147518276626637,0.6831264022435938,696,37,3.970850535954194,0.009271699001557668,0.9365440610435058,0.5432448478189641,0.04319876196296983
225,6504,3.4659683173698106,-2.0175202489669424,5.421690605386311,0.7103719129057413,1.0120268577832037,0.6811107239366341,373,10,5.028272067043028,0.02004179910977299,0.6268528938893256,0.5525433202007902,0.08018116541904952
226,6505,3.4659683173698106,-2.0175202489669424,5.8080381557642715,0.7097593982427801,1.0130964258383297,0.6821852773314507,794,28,7.704799473458632,0.01043955306244169,0.7778662547090694,0.5203886671594671,0.07015109450309454
227,6506,3.4659683173698106,-2.0175202489669424,6.1943857061422305,0.7080891226372813,1.0160073258307767,0.6848106643821812,240,39,3.041628092016163,0.00090613760244556,0.640572693099161,0.5107975062765788,0.0756540584600982
228,6516,3.4659683173698106,-1.8336576239057147,1.944562651984671,0.7081911453398526,1.0158297632941446,0.6831380600296335,890,30,2.5225490891444884,0.010546488940294273,0.7735955597390947,0.5649600093792004,0.0706148065467331
229,6517,3.4659683173698106,-1.8336576239057147,2.330910202362631,0.7070618642530706,1.0177934624884217,0.6851871042634982,260,48,3.736510804789601,0.004336599139284164,0.7121124553036218,0.6528050833797232,0.06866887114493186
230,6518,3.4659683173698106,-1.8336576239057147,2.717257752740591,0.7091444867355277,1.0141690446209972,0.6823050564010452,837,8,3.2633425696194442,0.024494749251562586,0.6082474900397202,0.5978868511814841,0.0999115794321607
231,6519,3.4659683173698106,-1.8336576239057147,3.103605303118551,0.7471116097660833,0.9456624536243332,0.5298436825302278,930,2,2.2723568197742288,0.0005948440881414531,0.7567360461966498,0.8937420670113853,0.08372941010665841
232,6520,3.4659683173698106,-1.8336576239057147,3.489952853496512,0.7098763980848666,1.0128922089420715,0.6821593455150633,327,40,3.7061390288069487,0.029831536213763332,0.5306496367978926,0.509039399620528,0.07156969299662366
233,6521,3.4659683173698106,-1.8336576239057147,3.876300403874471,0.7082813020016212,1.015672826837452,0.6829116761970202,944,1,3.604414718700852,0.23421022379432682,0.7068389139431561,0.7413525590968213,0.08590562551660631
234,6522,3.4659683173698106,-1.8336576239057147,4.262647954252431,0.7087386348653617,1.0148763699080385,0.6832730859345459,294,11,6.237421365218423,0.002118484054550323,0.9967093377994379,0.5173479826018501,0.09585996567136738
235,6523,3.4659683173698106,-1.8336576239057147,4.64899550463039,0.7042028427537748,1.0227481397227816,0.6889453900238991,156,43,5.753277095721617,0.029088405457499588,0.9018090659302498,0.6350683208494967,0.09163725496217275
236,6524,3.4659683173698106,-1.8336576239057147,5.035343055008351,0.7100830539942211,1.0125314016046805,0.6822644012991717,582,38,6.4919512890300455,0.006398455423740131,0.8387739525597916,0.5465820852525087,0.08511654251670518
237,6525,3.4659683173698106,-1.8336576239057147,5.421690605386311,0.7092836533266925,1.013926389197339,0.6827053508370835,998,19,4.847552652940999,0.007828684044511126,0.9591118038144959,0.5111624294880222,0.04982102905858716
238,6526,3.4659683173698106,-1.8336576239057147,5.8080381557642715,0.7051446056501341,1.0211187222303462,0.6873923221203928,289,22,3.503990109469475,0.003112803256782884,0.8929284678618521,0.5545035699828729,0.05350817619942184
239,6527,3.4659683173698106,-1.8336576239057147,6.1943857061422305,0.7090643200383049,1.0143087995466662,0.683048626753889,475,20,2.886608564382518,0.034519417223721566,0.9227616671673804,0.6622982302577604,0.077788427958196
240,6936,3.8524703997057186,-2.0175202489669424,1.944562651984671,0.7102039287538939,1.0122636381374892,0.6818454513425356,788,31,5.455574056871485,0.0023650114176894926,0.9104531096117368,0.5369110424547475,0.027091832162465565
241,6937,3.8524703997057186,-2.0175202489669424,2.330910202362631,0.7099363529784011,1.0127308541583813,0.6821446906055959,813,45,3.237572073481921,0.010227431064052439,0.644419231587549,0.6508358511289429,0.027659318287697177
242,6938,3.8524703997057186,-2.0175202489669424,2.717257752740591,0.7103992403033919,1.01192246701367,0.6817170216866276,751,15,4.678484622952708,0.02009373463342433,0.8402181779529447,0.6597054739343704,0.06397231099018288
243,6939,3.8524703997057186,-2.0175202489669424,3.103605303118551,0.7096867423902617,1.0131665067930105,0.6824278360976327,791,4,6.12639053137627,0.03205533332545578,0.9442587237205636,0.6248375932560755,0.07994090327653858
244,6940,3.8524703997057186,-2.0175202489669424,3.489952853496512,0.7087146263422108,1.0148613868462593,0.6825252764760524,434,4,5.554600168627378,0.0017477658226515702,0.5980441808799791,0.5136863051883717,0.059591843519732006
245,6941,3.8524703997057186,-2.0175202489669424,3.876300403874471,0.7094872266667851,1.0135145927397622,0.6817140098563101,858,8,2.489899547385547,0.01580126114056473,0.8517330722074437,0.534666806542247,0.09046491113728979
246,6942,3.8524703997057186,-2.0175202489669424,4.262647954252431,0.70974196813417,1.0130701358320235,0.6824198015631608,581,20,1.4976551197902994,0.0013897265434752448,0.5554454144885238,0.5601381098168555,0.040987607212304905
247,6943,3.8524703997057186,-2.0175202489669424,4.64899550463039,0.7506899295721324,0.938895593194415,0.524818030576324,505,47,4.3066195983274556,4.902879903539992e-05,0.710152993239195,0.9403318261578661,0.08583531079856578
248,6944,3.8524703997057186,-2.0175202489669424,5.035343055008351,0.7097513488565393,1.0130537652144587,0.6818533400106199,583,24,1.7398379900258094,0.018231269212386006,0.5330691305654288,0.5414957758534942,0.09984564649309877
249,6945,3.8524703997057186,-2.0175202489669424,5.421690605386311,0.712052866586785,1.0090292820339748,0.6805764014566854,569,47,5.183738590360238,0.01875994657900201,0.6900302668949584,0.5621764886357362,0.06785030956989878
250,6946,3.8524703997057186,-2.0175202489669424,5.8080381557642715,0.7106693207988956,1.0114504995522267,0.6811318755964021,459,20,5.236783435893859,0.013446594079160379,0.6894740230247042,0.6602238542269516,0.0689753565478036
251,6947,3.8524703997057186,-2.0175202489669424,6.1943857061422305,0.7094830981875342,1.013521794246004,0.6827748263171604,592,38,5.10493220116963,0.00029831277525727007,0.8331136883739744,0.5107615778823403,0.03251528512479645
252,6957,3.8524703997057186,-1.8336576239057147,1.944562651984671,0.7102185763046678,1.0122380557161426,0.6813709284054693,461,14,3.240929929994447,0.003984228499343673,0.9894516384889334,0.508987322477671,0.08272622176095745
253,6958,3.8524703997057186,-1.8336576239057147,2.330910202362631,0.7460330717732337,0.9476238290991594,0.5353245805418708,289,2,1.2811085852959185,0.050520173877533305,0.7852876015638603,0.8534218561981338,0.08394228089463898
254,6959,3.8524703997057186,-1.8336576239057147,2.717257752740591,0.7475003417968573,0.944882460123795,0.5302873976369277,837,2,2.34611795578577,0.013156143803504699,0.785203284025404,0.6961822042507337,0.041320437284001935
255,6960,3.8524703997057186,-1.8336576239057147,3.103605303118551,0.710239660432769,1.012201230469057,0.6815636901897254,511,45,2.1616687277831645,0.2086609514615545,0.5498499622359472,0.6160159936782645,0.08405334431306052
256,6961,3.8524703997057186,-1.8336576239057147,3.489952853496512,0.7102171267911261,1.012240587367267,0.6813116874421186,871,9,4.94459556538499,0.012410240946004899,0.8209021984066583,0.6596029548862667,0.0604891084161581
257,6962,3.8524703997057186,-1.8336576239057147,3.876300403874471,0.7080014663908633,1.0161029803246167,0.6842396961905752,565,34,7.849987604799089,0.0001886368990516086,0.9993244922590971,0.5333879995027052,0.029692172820827364
258,6963,3.8524703997057186,-1.8336576239057147,4.262647954252431,0.7109652309915794,1.0109331415617568,0.6804339553965317,381,30,4.1136986783044645,0.010232667061238085,0.549330673840549,0.5649855971413393,0.0767099203040393
259,6964,3.8524703997057186,-1.8336576239057147,4.64899550463039,0.7096294340782843,1.0132665022213818,0.6814122748990161,998,13,3.6132789534791057,0.011822139076264393,0.7019693475719074,0.6028072710160157,0.030305455080282186
260,6965,3.8524703997057186,-1.8336576239057147,5.035343055008351,0.7502367515628623,0.939748534384793,0.5285610862866245,875,2,7.055000168560228,0.019273761701949194,0.5587027022891756,0.9774955655017838,0.09616154315450937
261,6966,3.8524703997057186,-1.8336576239057147,5.421690605386311,0.71068739061802,1.011418914562687,0.681448976765495,775,8,5.498741040058678,0.002876253421575714,0.7026783539795136,0.6476178233691423,0.029696444310909353
262,6967,3.8524703997057186,-1.8336576239057147,5.8080381557642715,0.709758147753571,1.013041900062725,0.6818398288206594,894,4,4.270113356840373,0.016528122024413557,0.8277306110215926,0.6402576034423548,0.0828703519598649
263,6968,3.8524703997057186,-1.8336576239057147,6.1943857061422305,0.7115952535298299,1.0098307514915696,0.6807200399952301,577,32,7.34335198795462,0.009175434637350679,0.8106401901239122,0.5649098325794859,0.06479135563662416
264,7377,4.238972482041627,-2.0175202489669424,1.944562651984671,0.7136821803133329,1.006096693341996,0.6775905305582663,370,38,2.1887432206006547,0.00023462551159459527,0.5164921144358268,0.627623374091015,0.06533454418467984
265,7378,4.238972482041627,-2.0175202489669424,2.330910202362631,0.7124619793297291,1.0082382558143097,0.6790775785406804,616,25,4.7046968337631005,0.001671564579231899,0.6326410689636224,0.5559998651268107,0.045105503995909194
266,7379,4.238972482041627,-2.0175202489669424,2.717257752740591,0.7109105244034715,1.0109546476504128,0.6810945871207766,624,38,4.78976972503353,0.006855357314839501,0.9976289649901159,0.6024455089578664,0.07104583527841304
267,7380,4.238972482041627,-2.0175202489669424,3.103605303118551,0.7106695012873795,1.011375992413253,0.6813209045767042,275,31,4.177009361441116,0.016373252874591793,0.7667852103025534,0.6275307061895676,0.09643601550272564
268,7381,4.238972482041627,-2.0175202489669424,3.489952853496512,0.7122610658863643,1.0085904409723756,0.6797251997835094,821,50,5.182688047281882,0.020698284502998765,0.819646101352956,0.5429913634889176,0.07409592483452815
269,7382,4.238972482041627,-2.0175202489669424,3.876300403874471,0.7088354631540651,1.0145764360475895,0.6826204359007564,187,48,2.4431858334365204,0.00040175923445710804,0.5017514841586855,0.5372134094918622,0.08764725379376526
270,7383,4.238972482041627,-2.0175202489669424,4.262647954252431,0.7106183149385,1.011465451276372,0.6801705294141323,478,8,2.5679323166271373,0.005330472176089361,0.6469349142681741,0.6135018132323037,0.05167697707330573
271,7384,4.238972482041627,-2.0175202489669424,4.64899550463039,0.7123592132585987,1.008418411864515,0.6797164511469661,573,29,4.178051995613141,0.007569213751538004,0.6566254858271673,0.6612030319517844,0.038550871133714554
272,7385,4.238972482041627,-2.0175202489669424,5.035343055008351,0.7120109398772438,1.0090287200360426,0.6795004989813621,961,28,7.029910222295674,0.020737815526977052,0.9052173078091862,0.5252074101473949,0.09511597089712744
273,7386,4.238972482041627,-2.0175202489669424,5.421690605386311,0.7531059985282043,0.9342665540473721,0.5277117135460723,527,2,6.356705164457231,0.031920702943882835,0.6662079361334335,0.7324513122228958,0.05911868243307197
274,7387,4.238972482041627,-2.0175202489669424,5.8080381557642715,0.7120829989894222,1.0089024752013824,0.6796483902124486,796,35,3.5134953654088186,0.006845966206303631,0.924865566660032,0.5474572638274264,0.031532282502190784
275,7388,4.238972482041627,-2.0175202489669424,6.1943857061422305,0.7126015739429055,1.007993485200348,0.6802350256677827,272,16,4.513749960572916,0.02226758762560857,0.5962340455660924,0.5270780582227366,0.07726528476952685
276,7398,4.238972482041627,-1.8336576239057147,1.944562651984671,0.7122937373173528,1.0085331789467618,0.6790890051722366,994,39,7.83670204398377,0.013493815032399437,0.8034255013315746,0.5592319578482643,0.05044554438398807
277,7399,4.238972482041627,-1.8336576239057147,2.330910202362631,0.7123614390593622,1.0084145102224031,0.6786847525380901,622,15,7.449727702037459,0.018440095496350395,0.7449172071980189,0.5959340123314959,0.09604983110987622
278,7400,4.238972482041627,-1.8336576239057147,2.717257752740591,0.7116203811666819,1.0097126894822948,0.679851853738259,865,26,3.938711542644329,0.012641679168944707,0.9289430193089704,0.5428752633090388,0.053626920095904654
279,7401,4.238972482041627,-1.8336576239057147,3.103605303118551,0.7011455708780037,1.0278870174813242,0.6924402583230611,786,29,5.255905608533843,0.0028317274538885093,0.949923528503578,0.5653718670955152,0.016218936723640134
280,7402,4.238972482041627,-1.8336576239057147,3.489952853496512,0.7113189606735837,1.0102402382247233,0.6807139843003503,516,39,3.9261265454536547,0.03151733797392775,0.6929732908565168,0.6496098948162636,0.08040184337300461
281,7403,4.238972482041627,-1.8336576239057147,3.876300403874471,0.7098934103316902,1.0127315254590257,0.6819177947885199,229,15,4.6997480290891005,0.0032040395897798765,0.8997556786503405,0.5711130054400362,0.07685703355476209
282,7404,4.238972482041627,-1.8336576239057147,4.262647954252431,0.7122653850198883,1.0085828711710443,0.6793764072972991,600,10,2.3649314674752,0.0019483517715825852,0.7342981982347035,0.5716547533349803,0.059219052405727966
283,7405,4.238972482041627,-1.8336576239057147,4.64899550463039,0.7113952693585551,1.0101067081540391,0.680011435021287,711,3,2.2872649683232265,0.00014875155081502806,0.9443546328693867,0.5749962985121294,0.031357249784539985
284,7406,4.238972482041627,-1.8336576239057147,5.035343055008351,0.7120665847801073,1.0089312336635916,0.6790717362379921,972,44,6.244760193427535,0.014985496179348306,0.7763904963219591,0.6089870599596343,0.05760634010017162
285,7407,4.238972482041627,-1.8336576239057147,5.421690605386311,0.7116134891522206,1.0097247550244235,0.6798803808954902,929,27,6.217575654805924,0.009865303933661862,0.6486719674622378,0.557656511602015,0.03600017643746966
286,7408,4.238972482041627,-1.8336576239057147,5.8080381557642715,0.7107286840166394,1.011272548336301,0.6805432454683512,984,43,2.0445353120004097,0.012306640443897142,0.8697564855294542,0.5185525556783769,0.09803007201419536
287,7409,4.238972482041627,-1.8336576239057147,6.1943857061422305,0.7108221148503008,1.0111092212752741,0.6807706919992039,353,3,4.822051422404654,0.021863178721892862,0.7682239600917624,0.5588950089892503,0.07549434908381934
