y_test_original,lr_predictions_original,knn_predictions_original,svr_predictions_original,gpr_predictions_original,rfr_predictions_original,xgb_predictions_original,mlp_predictions_original,voting_predictions_original,stacking_predictions_original
14.2,16.059616918845386,23.9,15.096837818450457,19.247723493261983,19.349629629629632,17.181288,14.155336,18.490467403976343,17.021431001122483
5.0,12.573799323072402,20.0,10.276816045383441,11.56089710201269,15.205925925925932,19.207905,10.566149,14.731337891630488,16.03614103975804
12.4,13.493686665728513,16.4,10.707346802845723,12.239593069959863,16.97407407407409,17.005445,10.333768,14.061027518006457,16.32634228560919
2.6,13.030238287482446,1.9,14.937521618550951,13.965025205186775,4.95777777777778,4.1697884,12.555896,9.784612579004909,6.690499812654362
7.8,13.770576713391499,18.8,8.306535785825796,10.641974057638665,11.098444444444436,9.655501,13.533676,11.87309531472674,10.294263010242744
0.1,7.404665943863727,0.2,2.769511916440509,2.335061211653476,0.2083770370370372,0.00029999999,3.2013888,1.7654496440235752,1.2599190120874046
13.6,14.140609308987854,13.6,14.554541885378129,14.498396608042645,13.834814814814823,13.584974,12.63768,14.129599108160678,13.614233272391923
11.9,12.481469002423419,4.8,13.235064100964495,15.72108481057113,11.362222222222224,11.1058655,14.056933,12.156545985247021,11.876677584141559
3.3,5.335792811889201,3.6,2.8636056706538535,6.589825029951317,3.3281481481481494,3.531991,6.5074644,4.120828756173472,3.6129315672478177
13.2,13.513498520598535,5.5,13.138177182740009,13.369468756031702,13.180648148148144,12.71296,11.329101,12.037789265038334,13.811860417631753
18.3,13.02089810077934,1.6,12.56164244466347,13.095984063169038,11.849629629629623,14.156158,11.540496,11.21089592891539,13.123690004349198
22.0,15.415854656357958,19.5,16.536627134288654,18.24331945459824,18.508888888888883,18.052128,14.397593,17.735236181491526,17.50087705934767
12.3,13.018751402113253,2.0,11.602935572380483,12.227033968446136,8.46888888888888,10.721083,10.689436,10.151722940684106,9.517229647588392
12.4,15.051787194189533,16.8,13.852663163757734,11.672044601683323,14.122222222222234,17.01758,11.28221,14.419354086205855,14.647843943855266
6.7,13.018685339072878,2.0,11.596620920639282,12.225912008880243,8.46888888888888,10.721083,10.68808,10.150283691330312,9.620378343195911
14.6,14.87924343447152,18.3,11.980859456380335,11.373515771594711,14.722407407407404,15.203529,11.171435,14.2463669348611,14.713695167411245
6.2,12.523112674890747,1.0,9.67704698969898,11.006384752226168,2.8466666666666685,1.7871554,10.110998,7.334478884168627,4.133947515487052
13.2,13.514390129335753,5.5,13.262332404376162,13.392709454562365,13.765833333333333,13.96445,11.353578,12.305415446590288,14.111202031389995
3.5,11.652850807515476,4.1,7.471979416979434,9.602134310411158,11.476604938271608,11.117752,9.836526,9.578565427523055,11.19398732393744
12.6,13.99867448607847,12.6,13.718578333375362,13.707104364220273,12.651111111111103,13.2149935,11.867553,13.34391408802845,12.801641421884263
19.0,12.850358928912593,10.5,17.728812381688073,14.666308038004455,11.556296296296303,9.985197,14.147427,13.232600836063064,11.34209732631301
5.1,11.283487651198394,11.2,11.162255404254237,10.3092970296101,11.14407407407408,11.673209,9.922738,11.141694092084162,11.638072909705588
11.0,14.45722648651792,13.8,15.834397022199795,15.879695557124087,15.260529100529077,15.044512,14.733988,15.287309729111348,15.155429726999305
4.9,12.415842663025504,1.0,11.478550452360277,11.420664346079896,9.174444444444445,7.7510347,10.792281,9.507232411077714,10.19509760004016
5.4,13.018685339072878,2.0,11.596620920639282,12.225912008880243,8.46888888888888,10.721083,10.68808,10.150283691330312,9.620378343195911
8.2,12.970530514984988,2.0,11.887759838872825,12.542519931445918,5.757037037037034,12.0524,11.034221,10.052667611540762,8.951355670107022
9.3,15.954278832732236,4.4,16.07200690027695,12.964013329476726,11.0712962962963,9.677956,14.397915,11.95319157339738,12.122369480965467
18.1,13.660328824593261,19.5,13.8165209690394,14.093686574282355,10.471806878306873,10.021165,12.009275,13.908411525451937,10.20947200341947
10.4,13.507753429894567,19.8,14.489132858285858,14.357294980765829,13.88962962962962,12.06543,12.851044,14.71450123324428,13.9371682315829
23.2,13.514258003255005,5.5,13.249206169876853,13.390393143999244,13.765833333333333,13.96445,11.351141,12.299613417824393,14.108500633366964
0.2,11.036196493223237,1.6,3.2688069132359003,7.051233078559229,2.2806666666666686,0.00029999999,3.589521,4.098613339441399,1.8387092063021298
15.5,13.81433846359105,4.8,15.1586845208308,14.944594147293603,13.056518518518505,10.53712,13.532279,12.584691899901594,13.329076435407835
2.6,12.461803800084917,24.7,10.392446486763797,11.778150094331838,15.433333333333339,13.206498,10.885868,14.722395566599776,15.26296446761712
6.1,13.810417290381205,4.8,14.7439529794337,14.866130453743224,13.832222222222214,12.317089,13.379717,12.779839662998317,14.240899575593984
8.5,11.446247056370112,6.1,9.969529633179837,9.895232162703229,10.253765432098772,10.021332,9.808742,9.802958540985557,10.620373430760603
3.6,11.433797226669373,18.5,0.29663222082468776,6.867754811733018,9.182032839506173,7.1880565,6.7870774,8.643542800850906,6.962407576832007
15.1,12.566462046772205,17.5,38.40605115704473,19.432262599991386,16.41555555555556,18.338453,16.14275,19.67739478539865,21.23217163116458
6.3,12.970310304850406,2.0,11.867929866778612,12.538663402623994,6.0325925925925885,12.075058,11.029678,10.043645838558106,8.951358603169336
16.7,15.064834110710716,18.3,12.882394333944895,11.638689252061896,16.127407407407407,17.056957,11.252792,14.784527794621233,16.02428613552607
7.5,12.971741476717789,8.4,8.531219774947772,10.708131989378018,10.699259259259241,7.436218,12.222014,9.74015210265687,9.342176803075553
2.6,15.328373638419974,4.4,5.560293154531311,9.424301795481718,10.08403703703703,8.696986,10.630884,8.946635451096096,9.368552726399809
0.1,7.900304671086234,0.2,2.642405011611346,3.877571881548596,0.39960716049382655,0.20006134,3.3547592,2.203547510962816,1.0274387762660073
6.0,12.672530690274655,20.0,10.654239220714317,11.801713753965249,14.96962962962964,20.01034,10.673707,14.744905368278026,15.87494095594871
8.1,13.018685339072878,2.0,11.596620920639282,12.225912008880243,8.46888888888888,10.721083,10.68808,10.150283691330312,9.620378343195911
7.5,14.770956228066874,18.0,16.63297928629444,16.92464993490271,17.82666666666668,18.45386,14.831516,17.184396050483517,17.669321877300824
20.8,13.813920064335344,4.8,15.1208171023056,14.93664623122022,13.076518518518506,10.751693,13.515407,12.602504291646797,13.524614030914163
1.6,16.13585544006731,15.6,10.378476746794119,10.764408991890086,12.348148148148143,14.395899,13.3045225,13.080159427538273,13.172197808138383
7.8,12.398057226396347,8.4,10.019594513379287,11.441445637295555,11.95944444444444,13.183665,11.631741,10.926839580548911,11.664543158838017
11.3,14.59730554054665,14.2,16.560208174258626,16.20728101772001,15.251111111111122,15.654343,14.517426,15.670155691174715,15.353853955638128
13.7,17.127132894512318,11.6,13.155115096758482,12.40339291477143,13.674074074074076,13.379532,13.18286,13.41665672293847,13.344467939445332
3.1,12.33301208364512,9.8,1.263992560785543,8.715963300741418,6.778858024691359,6.8114467,12.514279,7.812993848051095,5.267490556684235
0.9,9.414735669064928,1.2,1.4691619902091142,8.561165798997692,8.465185185185183,9.696543,5.6919446,6.015888873071743,7.041158219917532
16.8,15.090461265999846,18.3,10.940694808581245,11.572196161091114,11.95037037037037,12.1194725,11.196961,13.28410353384871,12.476304876101533
12.8,13.056600054302503,1.9,17.007247822264993,14.896695179204528,11.656296296296299,11.055761,13.703963,12.505165310899056,13.599757051437313
4.5,12.415842663025504,1.0,11.478550452360277,11.420664346079896,9.174444444444445,7.7510347,10.792281,9.507232411077714,10.19509760004016
19.7,11.519215798041127,1.2,0.0003,15.704690053293438,11.970635802469143,7.289197,9.930534,7.830778346546393,7.04429367494849
0.6,11.94260558175704,0.7,0.0003,6.031429164171479,10.402222222222235,8.104654,8.380975,4.812092393027497,6.682156255601255
20.0,13.660328824593261,19.5,13.8165209690394,14.093686574282355,10.471806878306873,10.021165,12.009275,13.908411525451937,10.20947200341947
10.9,12.356199332096862,11.9,14.339851460169504,14.462259406320374,11.78740740740741,10.776931,13.756147,12.846652261779754,11.56083079825247
0.2,7.900304671086234,0.2,2.642405011611346,3.877571881548596,0.39960716049382655,0.20006134,3.3547592,2.203547510962816,1.0274387762660073
3.3,11.595920983258369,3.4,7.7622076954485655,9.519973320395371,10.523580246913584,7.3546033,9.658605,8.602384224284835,10.525138868788934
12.5,13.463644511354833,16.4,10.566301254106968,12.089659308738531,16.88444444444445,17.071907,10.223584,13.985506925687679,16.397915249626653
12.0,12.851838059319363,12.7,16.154694891240066,15.963716237156634,11.551111111111119,12.078858,14.594198,14.134548228781089,11.97075004933122
0.6,8.395943398308736,0.6,2.369538355403766,5.435283022847169,1.2166219753086398,0.66123414,3.4987152,3.0076759845688947,1.7792794394090956
16.2,12.522980548809997,1.0,9.665053606175974,11.00421637866306,2.8429629629629645,2.5658293,10.108288,7.441883224786575,4.271070255145938
16.7,14.959876472898072,11.9,16.31252220414016,11.771635259376598,15.164444444444438,14.517048,11.38847,13.992739073289549,16.234520134853707
0.4,13.971723923842221,10.8,4.676591646443402,9.495214916218234,9.24054056437389,8.460969,12.353713,9.73764096006221,8.470332368548165
18.6,13.813545707106552,4.8,15.08690052549677,14.92953491145986,13.086148148148135,10.751693,13.500308,12.60274499613902,13.524799375382116
3.3,12.415842663025504,1.0,11.478550452360277,11.420664346079896,9.174444444444445,7.7510347,10.792281,9.507232411077714,10.19509760004016
5.4,14.59730554054665,14.2,16.560208174258626,16.20728101772001,15.251111111111122,15.654343,14.517426,15.670155691174715,15.353853955638128
12.7,12.922089589096453,2.0,11.230986751930772,11.99497068043165,8.796296296296287,12.415879,10.577226,10.45600105274381,9.999167756637235
11.1,14.75460972285142,13.4,16.11417167955555,16.481192050278946,14.97185185185185,13.238222,14.35773,15.185964079813159,14.578662413902627
18.6,14.597525750681232,14.2,16.582358860219514,16.211495217789864,15.551111111111124,15.654343,14.524753,15.674947298348112,15.372285674608117
16.7,14.290820080856257,16.7,15.302832386270484,15.241116749976245,15.660740740740758,15.645349,13.6354475,15.530674872491279,15.226140776902863
2.4,13.324289538090127,16.1,9.228581591789702,10.48064405947354,9.213141975308638,7.7386184,13.594442,11.115450156123142,8.836523418661114
5.5,15.878778040128932,12.2,11.763393439515097,17.37751232171378,16.826666666666675,13.301046,13.250109,14.909585700391634,14.564971252417743
20.0,15.350899812668159,19.5,16.45227518845769,17.985333349814844,17.177037037037042,18.67706,14.209317,17.526270026545195,16.461046466804397
16.7,14.449306801683681,16.7,15.927487484554078,15.932452776226468,15.308888888888871,16.026035,14.811909,15.889124652387178,15.38492094531555
17.1,14.474498550766645,16.7,16.384112181152897,15.840198178000882,15.205925925925936,15.351186,14.520208,15.808930083785063,15.182274351260578
7.9,12.712353843252366,8.2,9.569041261598963,11.101130095269422,10.765925925925908,9.806944,11.990142,10.22362833212537,10.358466584712028
10.1,13.739618203084527,4.8,14.715958584530537,14.563744751124533,12.086148148148142,10.006245,12.788798,12.152992769018947,12.694198941944663
2.7,9.882859579976248,1.2,0.5443724654623647,10.16070137552074,11.079259259259262,11.47889,6.93233,7.2337792418130045,9.201369587157645
17.5,17.40852009700794,11.4,9.516693247347975,13.371294679406871,13.258518518518521,11.84616,11.705094,12.933878396640027,12.44618684522939
14.5,11.56883247810613,8.5,8.541347380063407,9.514205896784928,12.838888888888887,10.3514595,9.487059,10.322748073835202,11.435989630660139
12.2,13.577389862502818,20.0,13.038229259814607,13.155994845647824,16.562962962962963,15.632453,11.216132,15.136159589212959,15.728918651427499
22.0,13.964130836203749,17.8,16.17266256423007,15.736024763283313,14.942222222222211,13.935669,15.064452,15.478084498157356,14.904231342105389
15.1,18.11841034895733,11.6,13.388486542616686,14.020516780359797,13.211555555555575,11.722582,12.816912,13.716256538159618,13.124551217395947
5.8,12.52231991840625,1.0,9.605039180688006,10.993375129701416,2.360740740740742,2.1060805,10.094736,7.288346122753808,3.80878780324451
6.8,10.37849830719875,1.2,0.0003,11.739543707213693,12.507333333333339,12.277304,7.907088,7.8199848695407885,9.643015072720562
10.8,12.560961327080001,19.6,15.267272785955004,13.587751792504884,14.920740740740738,15.261314,13.046099,15.398880036527961,14.680689747733963
1.3,12.415842663025504,1.0,11.478550452360277,11.420664346079896,9.174444444444445,7.7510347,10.792281,9.507232411077714,10.19509760004016
12.5,14.00325699901367,17.8,14.78451487351448,16.036870648426895,15.293827160493832,12.272132,14.782759,15.36129389724043,14.261251284283144
12.5,12.910594301456882,8.4,8.546519964973362,10.686491640289606,10.37037037037036,7.385436,12.119194,9.769450094091614,9.298352961943733
7.2,13.095770381175514,14.9,9.271676983468716,10.948873230909644,11.329629629629613,11.226352,12.440079,11.624693512874606,10.487215199143819
7.9,11.522453384411733,4.2,5.241907850307471,7.023937937627453,4.559999999999999,6.031995,7.0112615,6.601706254654418,5.457771231582108
11.2,12.922092650110821,2.0,11.238453456107573,11.99948545927089,8.796296296296287,12.415879,10.581524,10.458540070690699,10.000209115245807
2.8,15.965136755611704,4.4,7.572739265328179,9.913818154921058,10.918703703703704,10.887718,12.1332035,10.067874872597114,11.197708968837263
7.4,13.27781296014135,8.4,7.764550164678115,10.422283963084059,12.081851851851837,9.514905,12.59748,9.938724071470633,10.218519736457791
4.5,12.415842663025504,1.0,11.478550452360277,11.420664346079896,9.174444444444445,7.7510347,10.792281,9.507232411077714,10.19509760004016
1.8,8.891582125531242,1.7,1.938152835381974,7.00438350426044,2.2180246913580235,1.2999262,3.8596113,3.722523548876312,1.6690605976953121
14.5,13.018663318059419,2.0,11.594515843434872,12.225538024091469,8.46888888888888,10.721083,10.68763,10.1498042752108,9.619944944700919
11.3,12.5827782981997,10.5,16.591433046741376,14.110745458082873,12.58962962962964,8.980876,14.008518,13.037021255531327,12.368900688018325
16.0,16.068776379805527,1.8,11.162846701663312,12.608292007797917,9.681481481481484,12.703741,11.266475,10.885451487178674,11.540289157583063
24.5,14.474498550766645,16.7,16.384112181152897,15.840198178000882,15.205925925925936,15.351186,14.520208,15.808930083785063,15.182274351260578
1.0,10.590848035940141,0.7,1.3324257719774175,6.208031653495762,1.715544444444444,0.58127916,1.7066543,3.2986407571658907,1.1347230546975997
15.1,16.465287361583528,11.4,10.63450315645774,12.928409615222806,10.116296296296305,9.976458,11.236737,12.049309812003361,10.515560330561117
16.9,14.903724102206658,11.9,18.332498241144165,11.83659216398968,14.998518518518525,12.847166,11.46658,14.009381169647734,16.181477942904692
0.2,8.395943398308736,0.6,2.369538355403766,5.435283022847169,1.2166219753086398,0.66123414,3.4987152,3.0076759845688947,1.779279404952276
10.9,12.291024043581215,7.8,10.605919765075756,11.60972651741521,9.24937037037037,8.045897,11.338255,9.863540564905826,9.464556095214753
12.2,11.102879425912649,11.0,12.27251997537505,10.587979234024933,11.345925925925938,9.828529,11.791445,11.27539604940802,11.721720093246928
15.9,14.736307790912255,18.0,16.575419252839467,16.813339743236476,17.240740740740748,18.742817,14.854846,17.152993798910025,17.566515212460565
12.5,8.39530223787509,13.3,10.749607746767655,12.496167621367976,12.551111111111123,13.202812,12.339709,11.588702122422308,12.087157588786837
13.2,15.102972452406966,1.8,9.97473622733593,11.53647042085286,11.174074074074074,5.123225,11.169741,9.629727508107875,10.932779129843823
7.8,13.479984273065398,8.2,9.909330854388294,11.146287309727239,10.776518518518508,9.439677,13.355756,10.427945368714603,10.227252697738603
11.9,14.520551171934148,16.7,16.455438573165882,15.978317431215629,14.959259259259268,14.9303465,14.559036,15.834028966941323,15.11726902186224
0.1,8.557870731029968,0.3,0.0003,0.0003,1.1779703703703708,3.4687142,0.00029999999,1.263434357754297,1.5263398533112202
10.0,7.318347720779218,12.9,8.938588043887963,9.167323223783042,4.544135802469133,7.224345,7.428943,8.353164547472305,5.900287358107549
13.3,13.66442473309649,19.5,14.207262761388979,14.168518850371397,10.973333333333326,16.875591,12.107821,14.903141227589058,12.274082463752892
18.9,13.345997656135093,10.5,19.502985733604724,16.07951096728607,15.316000000000006,16.162252,15.28216,15.511246176939864,16.056409028355336
16.0,15.672265398027523,18.3,11.565331408238874,12.242075002724116,9.939259259259263,14.443744,11.311861,13.352280615253077,11.441834614644149
0.1,6.909027216641223,0.1,2.7626557346398517,0.8113815987698133,0.18617679012345692,0.00029999999,2.9824758,1.5579148405512426,1.7120672131232741
16.0,14.736373853952632,18.0,16.581624905846834,16.81464723753115,17.246455026455035,18.742817,14.856798,17.162144209374556,17.58705532613751
0.1,3.4395561260836973,0.1,0.0003,0.0003,1.2707474074074083,0.97420394,0.8119019,0.0003,4.570894947644976
0.1,4.430833580528707,0.1,1.0697772005479627,0.0003,1.5240807407407422,2.4488413,1.5561156,0.42336252693776066,4.670100098732564
22.9,14.56654622705737,12.6,11.922386796757344,14.171350703990928,14.300740740740732,15.092069,12.416929,13.948524546243707,13.783192008299832
21.2,15.866971750460229,23.9,15.750862515605103,19.073864433610257,21.260740740740722,22.083721,14.409834,19.453314993942872,19.21564649318632
20.0,15.350965875708535,19.5,16.458467098138243,17.986677222217367,17.177037037037042,18.67706,14.211376,17.527681744136604,16.462305861367064
19.6,13.813149328864304,4.8,15.050952658066304,14.922005253626583,13.1728148148148,11.041179,13.484322,12.640595760726544,13.667229795550735
10.0,13.507797471921483,19.8,14.492988498816995,14.358122542630538,13.88962962962962,12.06543,12.8528185,14.715424040244349,13.93795399448025
8.4,13.390010458304268,8.2,7.513712469955275,10.498241712604836,9.530370370370363,8.708606,13.079965,9.806332380447591,9.283259527328644
3.7,9.387220852753742,1.2,1.3345777440626996,8.580897394772652,4.055555555555554,1.2309585,5.5496554,4.193684250597658,3.0871003317117767
9.3,11.985830275200918,4.8,11.45535630707091,14.160565537173062,11.770370370370374,10.942684,12.932144,11.461732018081706,12.208820372066107
15.3,13.168191438510618,0.6,12.564173134113483,13.007895791243874,4.111111111111113,6.8507104,11.25538,9.10257447321734,6.881585906674947
9.2,11.505900020404335,6.1,9.33463410496389,9.718390954744674,13.184567901234578,10.06495,9.700546,10.05169062807162,13.01772905631377
17.2,11.519215798041127,1.2,0.0003,15.704690053293438,11.970635802469143,7.289197,9.930534,7.830778346546393,7.04429367494849
18.3,17.558730868876342,11.4,9.744811302115414,13.312462804942207,14.138518518518524,15.483752,11.820973,13.681006224436029,13.980545259062172
3.6,12.415842663025504,1.0,11.478550452360277,11.420664346079896,9.174444444444445,7.7510347,10.792281,9.507232411077714,10.19509760004016
3.5,9.882859579976248,1.2,0.5443724654623647,10.16070137552074,11.079259259259262,11.47889,6.93233,7.2337792418130045,9.201369587157645
17.1,13.66383016573312,19.5,14.150777261809205,14.157655494974554,14.931111111111116,18.269196,12.093518,15.633968279706593,14.82793926852382
8.0,13.149234992684518,14.9,9.201513519277203,10.871392569261332,11.329629629629613,11.007058,12.458373,11.584320217592744,10.476140358091115
21.6,15.975100778228184,23.9,15.23990143665961,18.975161655884687,19.351111111111116,14.542851,14.008358,18.020714668832394,16.557242740380296
12.6,14.156518669606154,12.6,14.332771586917318,14.381355074764834,13.108888888888872,12.848199,12.524411,13.733864226229878,12.970834414594965
11.5,13.36328774873013,19.6,12.233182508261914,12.602879749891105,19.232592592592578,18.277401,10.75644,15.393224066754703,17.6510849028127
21.0,15.867037813500604,23.9,15.756824400279417,19.07525094566967,21.260740740740722,22.083721,14.411908,19.45467367723398,19.21686238399002
17.7,14.81120571975764,10.8,18.767054275236145,13.244678844880326,10.899469135802471,12.368502,14.370338,13.356452677028074,13.0059586657064
17.1,13.66383016573312,19.5,14.150777261809205,14.157655494974554,14.931111111111116,18.269196,12.093518,15.633968279706593,14.82793926852382
16.5,16.63149416728982,11.5,12.087239769496366,11.584602319698181,12.478518518518516,13.625007,13.312065,12.88011501610909,12.798495882888444
18.7,14.44103085272466,18.7,16.06401042769376,15.994177623347932,16.919259259259253,18.36562,14.904917,16.74167953616914,16.45099455482458
19.5,13.814040937601524,4.8,15.165298938777447,14.947046728003333,13.05948148148147,10.53712,13.53579,12.586502202971781,13.373274279364773
12.0,14.397057736153524,12.0,10.281042830245429,11.34769859078054,11.84407407407407,11.983486,14.460141,11.784831437327476,11.88371577208524
3.2,0.9103424837566063,4.6,7.730241220402047,4.184503352718339,6.77888888888888,9.347251,6.6329546,5.7157103308379975,8.566271987112165
6.0,15.45864010550973,10.8,14.019780198370018,12.087032138340449,11.898765432098779,9.639234,13.776417,12.283096874503965,11.86964802420987
5.0,11.481715700145884,11.1,15.84796440932466,13.802847838225436,13.780740740740747,12.356216,14.69957,13.637420800566069,13.856716847881257
18.5,15.071883688291376,18.3,12.140153393764816,11.616285051045615,16.569629629629635,18.279732,11.23313,14.91025320754493,16.357194085335802
18.3,15.151340914764004,13.5,16.1860041295207,17.250597408664497,15.789629629629626,20.791073,13.793364,16.645062653828127,16.450092180746257
14.7,14.306729441474557,14.7,15.06406589437641,15.122611513390908,14.492592592592601,13.409858,13.483755,14.687875758483875,14.37351199552355
3.5,12.415842663025504,1.0,11.478550452360277,11.420664346079896,9.174444444444445,7.7510347,10.792281,9.507232411077714,10.19509760004016
7.5,12.443566380750866,8.4,9.172874207221097,10.922156968050391,8.711388888888875,7.7064443,11.619708,9.552322568973162,8.941452268384076
20.0,13.81433846359105,4.8,15.1586845208308,14.944594147293603,13.056518518518505,10.53712,13.532279,12.584691899901594,13.329076435407835
0.5,11.531835220445739,2.7,5.414404216265349,8.41463796700937,3.8992614814814845,2.879713,8.413473,6.331627379713848,4.302482991137616
8.6,14.423925796535647,16.0,12.876486523675991,12.519312647808697,8.278024691358016,8.116492,6.9473057,11.361880566954945,8.505930603904057
1.0,0.0003,1.4,5.152185922679994,3.777658362877547,7.636296296296285,7.882086,6.28667,4.440250796512932,8.368582677112268
10.5,11.589301436010894,3.4,7.868321757673568,9.533708736140749,12.93796296296297,9.845289,9.507073,9.360915706038787,12.328574539008502
1.5,10.888231272273641,1.6,2.6355907894344264,7.053010996702017,3.0657377777777794,1.5571785,2.8592641,4.368429824137851,2.226690073931295
17.3,14.65510762017813,17.0,16.00638454455359,16.276083674637704,16.019999999999992,16.961758,14.555926,16.286377716156764,15.776930575585203
0.1,3.935194853306203,0.1,0.45934265063438123,0.0003,1.649265925925928,1.0978962,1.1824834,0.0003,4.739064218625541
17.1,13.814008148389176,4.8,15.128792643152064,14.938319479387603,13.076518518518506,10.751693,13.518958,12.60433934095773,13.526239643489424
2.4,11.383869999496143,1.6,4.891628095837008,8.430131143303116,4.090666666666669,0.2774687,7.300428,5.526153242132394,3.2966139547898146
6.1,13.179127900786495,1.8,14.894626744003016,13.354989801841292,8.433703703703705,7.266289,11.750774,10.391666937297106,10.223437640063903
17.2,16.44991755995474,4.4,17.520524005016956,13.840702417732007,13.524592592592601,13.864859,14.56118,13.271049324354827,15.208028678459014
22.1,15.41581061433104,19.5,16.532577457818984,18.24241383046448,18.508888888888883,18.052128,14.396221,17.734304829876105,17.50005754778478
0.2,8.395943398308736,0.6,2.369538355403766,5.435283022847169,1.2166219753086398,0.66123414,3.4987152,3.0076759845688947,1.779279404952276
4.1,12.474891787762484,24.7,9.875343875002628,11.314931214588514,14.971111111111119,17.39573,10.45498,15.00697021493896,15.144457205392738
13.2,12.51373083885674,20.5,8.730877520238844,9.595180226704286,9.162222222222224,8.774967,8.688169,11.424053278466785,9.183410193970765
8.5,14.96300137828723,10.8,11.399829753536524,11.213878640459521,11.7567901234568,10.421808,13.1348715,11.736599052654567,11.55738592116931
7.7,11.704179802272014,8.5,6.461799437392007,9.02193083219762,7.091358024691354,6.9845185,8.814659,8.496369248328481,6.880557478357683
4.8,12.37514745394115,23.7,9.395493259193662,11.052790696553721,14.397239259259257,17.117176,10.326642,14.546374212674957,14.746487866598915
5.2,10.37849830719875,1.2,0.0003,11.739543707213693,12.507333333333339,12.277304,7.907088,7.8199848695407885,9.643015072720562
3.7,11.855483946653477,8.5,3.5609771063697493,8.38014586326479,8.402962962962958,13.103878,7.9736886,8.977177588312097,8.893399923415405
26.2,14.474498550766645,16.7,16.384112181152897,15.840198178000882,15.205925925925936,15.351186,14.520208,15.808930083785063,15.182274351260578
20.0,14.210431046113348,17.8,15.976161641545117,15.799863268369771,17.493333333333343,15.72286,14.989523,16.288833445928653,16.66482566755626
22.1,14.495294128223069,16.0,15.823171853565889,15.581238091357934,14.836666666666652,17.057976,14.294867,15.790679247261245,15.11908976732713
20.7,14.520661277001437,16.7,16.466545298355776,15.980404371562932,14.96074074074075,14.9303465,14.562067,15.836424478335603,15.119652056597381
1.5,10.722028908740272,10.6,9.398445316285564,10.364073110652818,9.058347442680773,11.56275,11.060398,10.065905664631655,9.1723191556579
5.6,11.730633559471045,8.5,5.844385209316987,8.955158894808617,6.852098765432096,6.2177505,8.712878,8.234124157607951,6.2745358639945366
9.3,9.32695015937294,7.0,2.584784889924737,7.711547130490953,9.02521898883009,10.028245,8.715497,7.276669822593328,8.206328495115262
0.1,4.926472307751209,0.1,1.599947422952362,0.0003,0.6341918518518521,2.1102781,1.8598287,0.6352241834117454,3.5814492170610506
17.8,13.739618203084527,4.8,14.715958584530537,14.563744751124533,12.086148148148142,10.006245,12.788798,12.152992769018947,12.694198941944663
17.2,13.289055674201911,19.6,13.651151393192103,12.867116305990358,14.873333333333333,13.593802,11.091038,14.307696224954613,13.724342336530944
0.4,8.891582125531242,1.7,1.938152835381974,7.00438350426044,2.2180246913580235,1.2999262,3.8596113,3.722523548876312,1.6690605976953121
0.5,8.891582125531242,1.7,1.938152835381974,7.00438350426044,2.2180246913580235,1.2999262,3.8596113,3.722523548876312,1.6690606666089516
2.5,9.405702317718449,1.2,1.4289735742110046,8.556960732171639,8.594814814814814,9.747337,5.7107964,6.03527315558457,7.226992356628754
16.5,13.66383016573312,19.5,14.150777261809205,14.157655494974554,14.931111111111116,18.269196,12.093518,15.633968279706593,14.82793926852382
2.9,13.627588208471408,17.5,10.742278703678053,12.805931049400568,15.470777777777776,15.7481,10.739882,13.955870148943776,13.787705193315622
13.6,13.319097828575591,4.1,13.83823961067902,13.020389498327784,14.411944444444442,13.154168,11.198992,12.077384386724937,14.49877390282001
14.1,16.86179834336153,11.4,9.985142744578749,13.202050187155972,10.745185185185194,10.707391,11.289357,12.203359238813398,10.748081039090081
3.5,11.658775123959156,4.1,7.579724659958869,9.659862951117299,12.583765432098774,10.228531,9.89441,9.597377314150252,11.99396003047075
23.1,13.099317724771616,10.5,17.919185802574685,16.05377944631743,12.393185185185187,11.01174,15.117948,14.06435543515754,12.646538322533866
0.3,10.03553720274422,0.027300000000000005,0.8222845128862922,2.8508754771139637,3.293676543209874,2.6412308,0.00029999999,3.032562865854142,3.7724840655525695
2.3,11.979253060539982,3.4,7.6777798207185475,10.03625816531063,13.136913580246913,13.988887,9.842216,10.514539317753092,12.828536088975458
19.6,17.70894164074475,11.4,9.904274892873214,13.252819476486344,14.138518518518524,16.747265,11.976407,13.976338310566609,14.320360093066304
3.0,10.531175929966725,0.027300000000000005,2.0920895322589113,4.278595056829159,3.3714540740740726,2.6797442,0.8397062,3.6673875434728473,3.801786812899036
22.0,15.97516684126856,23.9,15.246054782429155,18.97653222286609,19.351111111111116,14.542851,14.01043,18.02208488719866,16.558500484720334
12.4,12.922429579251753,2.0,11.225250093459529,11.99287048807912,8.883703703703691,12.415879,10.574493,10.45434709874149,9.956118965499156
19.3,12.603678997549116,10.5,16.111947393352178,14.595123885887018,11.77333333333334,9.831304,14.052396,12.859561064124675,11.032489114192913
1.0,13.324289538090127,16.1,9.228581591789702,10.48064405947354,9.213141975308638,7.7386184,13.594442,11.115450156123142,8.836523418661114
18.4,14.853957678430504,13.4,16.183867447944213,16.68073999961343,14.17703703703703,13.637135,14.154979,15.156144617304298,13.92950542364121
17.9,13.663709292466939,19.5,14.10474647339696,14.147587703079626,14.2042962962963,19.30574,12.080697,15.696427803489607,14.52264746269875
11.6,13.674766628008998,8.9,16.499215532308042,14.542280778864262,11.135153439153436,12.7291975,12.611518,13.202947808852846,12.612019180046378
7.1,11.777747682133036,8.5,5.123597756234963,8.722885199259037,6.445679012345672,5.9466434,8.40731,8.022889338104083,6.180956199282196
16.6,13.8142063375103,4.8,15.146730878010814,14.942084282582494,13.076518518518506,10.53712,13.526952,12.578660284939014,13.369737861794844
19.2,14.160063460318996,11.4,15.382915117470294,15.259240406667178,15.699999999999987,15.209721,13.891583,14.728764421285183,15.575760492120917
15.4,13.852059302644006,16.0,14.015171569741637,14.903853479717553,13.384074074074064,14.928082,13.310338,14.630320271653929,13.908674282417563
6.3,13.819928265312628,16.1,12.806518535370138,11.39021902447384,8.923907407407405,8.892602,13.893603,12.13214264661762,9.891350389763883
8.4,13.66420452296191,19.5,14.186351552832399,14.16449536317494,13.507407407407406,16.875591,12.102525,15.189866072423385,13.482604207989418
12.1,15.464850446178376,19.5,16.351716788624834,18.233631225390962,18.600740740740733,18.67706,14.268429,17.798647082057617,17.598512518017255
10.8,9.53666088915111,1.2,2.593036731120246,9.459743728842554,9.752592592592586,10.729351,6.4434423,6.873913007210351,8.7249704117311
12.9,13.078417025422201,10.5,18.369444499643393,15.494077527121082,12.334074074074083,9.369087,14.802296,13.933377292838149,12.774397242116427
6.1,12.523002569823456,1.0,9.667052723575825,11.004577771392762,2.8429629629629645,2.5658293,10.108741,7.447001789581652,4.271484010022547
7.8,13.525877014704948,7.6,16.417656819023755,15.184907427669156,10.039407407407397,10.958959,13.616195,12.8321371856646,11.8065236010797
4.8,15.12803605898279,18.3,9.982967356977968,11.523855765036867,13.940000000000012,11.549124,11.15502,13.156609945949068,11.982817148567728
11.9,14.006307897737749,11.9,13.623266776822994,13.651023343001329,12.864444444444453,13.422559,11.81287,13.314915381985411,13.061141261539843
0.027000000000000003,7.404665943863727,0.2,2.769511916440509,2.335061211653476,0.2083770370370372,0.00029999999,3.201389,1.7654496440235752,1.259918977630585
3.6,9.387220852753742,1.2,1.3345777440626996,8.580897394772652,4.055555555555554,1.2309585,5.5496545,4.193684284444262,3.087100377654203
18.3,15.27575441624952,18.3,11.838605834327737,11.830269053951236,11.320000000000002,13.559511,11.2792015,13.278001219675879,12.075667149280894
7.9,12.75421093901362,8.4,9.143057379459364,10.883421874860666,10.010092592592589,8.599618,12.232711,9.930171658859567,9.776814345770324
17.5,14.520551171934148,16.7,16.455438573165882,15.978317431215629,14.959259259259268,14.9303465,14.559036,15.834028966941323,15.11726902186224
18.7,13.81196019413756,4.8,14.94288606983222,14.899416146049552,13.147629629629616,10.759553,13.436363,12.574370696702655,13.81627893822258
14.8,13.507639801111267,17.5,10.122747661368173,12.202454815889903,17.169629629629643,17.437689,10.244226,14.252154022213592,16.220496091617115
2.3,12.828650810867622,18.1,5.35367863209179,9.588000959844006,8.56756172839506,5.594498,13.267589,10.104554094877479,7.001858141235441
9.7,14.482732452693515,16.8,11.991842178420304,10.872585751170776,14.027499999999998,13.38427,10.906325,13.560043801573563,14.038664906780431
1.3,9.387220852753742,1.2,1.3345777440626996,8.580897394772652,4.055555555555554,1.2309585,5.5496554,4.193684250597658,3.0871003317117767
8.2,10.37849830719875,1.2,0.0003,11.739543707213693,12.507333333333339,12.277304,7.907088,7.8199848695407885,9.643015072720562
19.7,13.813920064335344,4.8,15.1208171023056,14.93664623122022,13.076518518518506,10.751693,13.515407,12.602504291646797,13.524614030914163
0.4,15.640216712844811,4.4,8.046684142771937,9.9468761290741,10.569929453262791,12.230912,12.901787,10.322770766601629,11.766981635558638
13.9,12.624387119001334,20.0,10.950664907737607,12.121917933864937,13.875555555555556,14.524061,11.010463,14.108200920171981,15.23070639175154
1.4,0.0003,1.4,4.819159384456041,3.740332502373171,7.442962962962952,7.882086,6.2784877,4.363904441401914,8.297945185844723
5.4,12.415842663025504,1.0,11.478550452360277,11.420664346079896,9.174444444444445,7.7510347,10.792281,9.507232411077714,10.19509760004016
18.2,10.527938343596116,1.2,1.0092042111817143,12.5953072727649,12.783629629629631,12.917085,8.371988,8.420980960643815,10.187468150991482
9.4,10.37849830719875,1.2,0.0003,11.739543707213693,12.507333333333339,12.277304,7.907088,7.8199848695407885,9.643015072720562
0.9,12.636773195309024,2.3,7.405534031157583,10.508836796189408,6.8355555555555405,11.74739,9.384504,8.864023320009148,7.779034328340594
13.9,13.009369566079242,7.7,10.391289841108312,10.805845042705077,9.860000000000014,7.679499,9.427051,9.833616780918362,9.307103055853888
8.4,13.53274232676551,8.2,9.591620204058648,11.031577058449699,11.659851851851844,11.990777,13.344268,10.935417269388381,11.36118987329775
23.3,13.813920064335344,4.8,15.1208171023056,14.93664623122022,13.076518518518506,10.751693,13.515407,12.602504291646797,13.524614030914163
5.6,11.335270523667027,6.1,10.874617067418638,10.189122363844913,10.750740740740747,13.471739,9.935185,10.573508410880377,11.902463269924898
4.2,12.415842663025504,1.0,11.478550452360277,11.420664346079896,9.174444444444445,7.7510347,10.792281,9.507232411077714,10.19509760004016
6.5,9.882859579976248,1.2,0.5443724654623647,10.16070137552074,11.079259259259262,11.47889,6.93233,7.2337792418130045,9.201369587157645
13.8,8.1406714496209,12.9,9.864125407908693,9.997545693772405,4.951456790123456,6.3387384,10.138037,8.996126072024824,6.412203146111274
0.4,10.540425639919981,0.7,1.2232662290943315,5.646359960617418,2.1646066666666663,4.943721,1.3865174,3.80780963559509,2.4272435280642295
3.7,11.681253235829647,3.4,6.265017196307669,9.236245024402274,8.752229629629628,6.482292,9.079427,7.905358239242476,8.164725206234635
22.0,10.527938343596116,1.2,1.0092042111817143,12.5953072727649,12.783629629629631,12.917085,8.371988,8.420980960643815,10.187468150991482
16.0,9.53666088915111,1.2,2.593036731120246,9.459743728842554,9.752592592592586,10.729351,6.4434423,6.873913007210351,8.7249704117311
18.7,11.782222771002562,0.7,0.0003,7.160273712104048,9.125925925925934,3.3674636,7.7345223,5.231413740355666,7.023858468256607
6.7,9.882859579976248,1.2,0.5443724654623647,10.16070137552074,11.079259259259262,11.47889,6.93233,7.2337792418130045,9.201369587157645
17.6,17.25830932513954,11.4,9.221017871663008,13.428970042176203,11.010370370370376,10.420269,11.565601,12.325273370009507,10.750821355122637
19.3,14.457446696652502,13.8,15.855979427969942,15.883896247824813,15.260529100529077,14.874315,14.740052,15.267774442610586,15.12926337900202
7.8,13.233203466902282,8.4,8.982819596500608,10.828723897714534,12.83333333333331,9.514905,12.72362,10.345097375417634,10.716837708946553
2.6,17.622771621734824,11.6,13.582656548760603,13.216712566984446,13.334814814814832,13.186047,13.051384,13.693035187876156,13.652925616907092
2.9,12.0781605958499,24.3,8.109527440299113,10.292273748148165,13.096604938271605,15.798227,9.987713,13.77747079577078,12.842754347476767
3.5,12.415842663025504,1.0,11.478550452360277,11.420664346079896,9.174444444444445,7.7510347,10.792281,9.507232411077714,10.19509760004016
18.0,14.315566992535134,10.8,16.00957180472878,12.312888678827052,10.139716049382713,10.582257,14.134188,12.416034165045742,11.578909612887912
1.9,12.027473947668245,6.0,7.581743845519688,9.734332363794024,6.500740740740737,5.0362606,9.556059,8.110107864397857,5.683342129675818
1.8,15.45864010550973,10.8,14.019780198370018,12.087032138340449,11.898765432098779,9.639234,13.776417,12.283096874503965,11.86964802420987
12.3,17.622771621734824,11.6,13.582656548760603,13.216712566984446,13.334814814814832,13.186047,13.051384,13.693035187876156,13.652925616907092
2.7,13.094513913903807,9.4,11.55067725442032,12.425394234251533,7.467407407407398,10.486598,10.775587,10.959780665816321,8.724508860689758
21.9,13.394843928221357,23.3,17.683492405820637,13.473404586503117,21.41333333333334,23.12896,12.017974,18.08095309240271,21.317883671159667
12.6,13.443269509263015,14.9,12.851234912589279,12.042292057985312,14.62148148148146,13.643436,13.266563,13.241900967317495,13.92806261893314
6.7,11.248090385969563,7.0,7.066168482658496,8.705894140864913,7.756666666666657,7.1290827,8.761943,8.145089896161782,7.55735632081103
5.3,12.572445924341967,4.1,9.442698048691433,10.702567232963684,9.851111111111113,12.416356,9.760152,10.148299919763081,11.25502657074567
0.3,11.192644777784837,1.6,3.138052045178774,7.804090510652713,1.4568049382716048,0.9559564,4.9699755,4.635250359100174,1.6279410539569854
1.6,6.044677859770505,2.6,5.503009673516358,8.192636356277028,4.2006913580246925,3.517385,7.055935,4.767672312681669,4.147023373887818
3.0,12.149425011337534,18.6,14.044973587181124,13.300632978254646,13.671851851851862,16.054575,13.438439,14.816801450176452,13.965792511487036
24.7,15.848901242052515,23.9,15.435313095167897,18.640087079962235,17.362962962962975,14.333046,13.869317,17.625030982421332,15.244449781179645
13.7,13.672010160820568,18.8,12.659923368286504,11.947074967910213,14.391555555555554,13.729165,13.835735,13.851031715780698,13.983415422014755
25.7,14.890803436449314,26.2,24.080148493477438,20.74859072900839,23.642222222222223,23.062681,23.028378,21.919166741005633,23.435014947806497
25.6,14.740592664580909,14.1,22.98917132327279,19.062821664062735,25.228888888888847,23.668573,21.810658,19.799515062595248,24.57795147227356
17.6,12.98025691141337,18.0,15.280970579698547,11.993488892728418,15.746296296296327,17.448807,16.462923,15.006626829020489,16.622244273556667
10.6,14.877678138881869,16.6,18.00801480268654,18.460987364007728,15.096666666666689,16.193182,22.53544,16.880453077693755,15.91737431851824
12.1,11.235561664748596,0.9,10.83109195865091,10.43823685796005,6.922237037037022,4.585019,10.029266,7.880618484710978,7.902229866391522
15.6,12.289879045401676,11.9,14.242005298634576,13.102436293548607,13.907407407407433,14.743026,13.423568,13.607058063291353,13.760752256653715
5.7,13.698419295721315,19.2,13.479034715489323,14.001932495190903,13.649828042328048,14.020274,11.9056015,14.536562623366388,13.600239101922002
2.2,9.048054957460897,1.4,2.8127293550582775,5.307970239054982,4.542716049382711,4.2891216,3.5733294,4.008055135029908,4.685972414005513
13.6,14.05943192181682,11.4,15.222908606243594,15.058434277323867,13.686666666666673,11.937681,13.538801,13.816527721308523,13.328170967378348
22.9,14.527306017853183,16.3,12.104222757531973,14.38474804696416,13.727407407407402,17.166616,12.574967,14.689792062905825,13.678511121215099
18.4,11.589315740616511,4.6,9.345090045089066,10.007263732063521,6.910130864197525,4.621058,10.208985,8.14319653772511,7.309391301629909
7.7,1.0311359746103423,4.6,7.176018364960788,4.0305386661657865,6.201481481481478,5.85338,6.53543,5.024230639090633,7.329450456008846
10.8,11.638728973293086,16.0,6.203116353287266,8.714863498100932,5.638854038800703,7.716201,8.814796,9.357170114371451,5.693599327386243
17.0,13.973146837859309,12.0,14.609439172010019,15.121857124842824,12.933827160493822,11.573587,13.939449,13.623752853206392,12.864095752881
16.0,11.806602864510351,17.8,14.479245332394724,13.049894755489682,14.759135802469153,15.702449,13.794903,14.701227453025998,14.97320193955869
19.3,13.734318874332276,21.9,19.374145316608793,16.646215126364257,19.353777777777786,19.300201,17.337984,18.525540619224007,19.030785876203957
10.4,13.592809648701115,20.9,20.87788189870794,16.03915870047967,16.351851851851855,19.317236,15.053906,17.917600633201378,17.932015818328942
26.4,14.4201060374423,16.3,14.539402960739325,15.006429745071596,15.094814814814812,17.01743,13.217203,15.441212968557522,14.977222494221417
6.5,13.654777052282341,7.6,14.382416890754854,14.23480978392126,8.570370370370357,6.4068627,12.185254,11.282702093540436,8.710628796811529
8.0,11.29440232493737,7.0,6.7260681557594175,8.712392337176817,8.632424444444439,7.2344317,8.961738,8.235003621950456,7.86805947423922
13.8,10.493600450681317,13.9,12.620391350710012,12.235339971257803,13.90888888888891,15.518703,11.988498,13.047260851964287,14.054193371409749
23.6,11.688283505007341,3.4,5.410543019743492,9.154367503799438,13.649056437389767,13.651349,8.914784,9.517882401301708,12.384557114113477
5.5,5.485031769337896,3.6,3.6397482568841206,6.974156282113603,3.1701851851851868,2.5810673,6.622929,4.183373925619099,3.3773639376906526
4.3,12.060054887902512,2.7,11.641563959733046,12.06668744076241,8.097870370370364,6.73518,12.309341,9.373686547325496,8.373055174781783
0.1,10.94494999963667,0.1,8.207343052342862,9.086331296135667,5.869629629629626,5.797839,5.8904357,6.9128034634867825,7.006785996450401
23.3,11.995992626517298,1.3,8.434787614228075,15.735445309717232,11.69904761904762,10.424483,10.417892,10.007136464452993,9.61441440558973
9.9,8.498555566269156,12.5,9.56511147037696,10.522109772237046,10.828148148148138,12.755614,10.979675,10.507857620071682,10.606667523884154
14.0,11.855972523201444,7.7,11.574568101673682,11.298758030688973,9.639629629629631,10.477068,11.901966,10.743486478149606,9.494564791042503
9.8,10.545308645049657,14.4,11.084820697355328,14.253405515007618,11.828641975308638,9.447164,14.698195,12.216332219783022,10.599498502584616
10.8,14.434546963708023,14.6,10.979170802196744,12.030661877364057,14.274814814814803,13.7435055,14.1192255,13.213592650423681,13.868944872393367
14.7,13.013164775240925,13.7,18.88979851815464,17.230290287522788,15.035030864197525,17.108984,18.518784,16.147738735486694,15.587233214675047
23.8,15.823663559580893,12.2,15.375985018095475,18.461679231109123,17.27629629629631,14.338284,13.703037,15.87217736461277,15.720054875116954
12.5,14.137163727374519,14.6,11.65695822042623,12.020457953232738,14.427703703703692,13.923576,13.86099,13.293040888388662,14.13572926789588
8.7,12.299072129072819,10.0,11.296859636382536,11.73582757976956,10.842755308641982,12.254206,12.239559,11.787748200939285,11.628769072561624
0.5,11.21835615660512,1.0,3.548638390347928,8.512922617045394,2.8399999999999985,0.94075334,9.570166,5.1116579840646565,2.6046728484175987
21.2,12.351611250423947,1.2,13.611735472913363,12.675752093056103,16.98755555555556,19.778978,12.6462345,13.126322496120126,17.853969939167804
7.6,11.975692843533343,5.3,9.919325890506473,10.460148978803053,9.152592592592597,10.779529,10.6029005,9.858460066777958,10.03987780354786
7.6,13.053899089378252,19.4,15.20970423981335,14.135669262393867,17.54370370370372,16.590963,13.067365,15.858180303177646,15.951800661047278
3.0,9.7881588955484,15.2,13.190815443616913,10.426329763801569,12.821481481481468,15.122546,12.196897,12.570254413504827,13.973721661823086
14.3,10.863370129085943,9.2,11.15831574039516,9.899960030475937,12.017962962962967,13.655415,11.003405,11.267618098284592,12.844059891314403
18.6,14.52117530017801,18.7,14.070812791358001,15.451074730373493,17.72592592592592,17.504604,13.767179,16.211710699693192,16.300526290037126
21.1,12.668820035846352,23.1,14.805176467479125,13.532923285496643,18.494074074074074,19.024979,13.021673,16.690311834105348,17.599786121872075
13.6,15.629412860067857,12.9,15.962288618691614,18.30206926484022,14.32814814814813,14.638277,13.818714,15.717354552417287,14.171288833624914
0.6,11.6866383125678,3.4,5.392936388313248,9.147229087272905,13.649056437389767,13.830348,8.9073715,9.529358345788594,12.412950159842328
13.7,12.96895690611997,2.0,10.924154708111885,11.677232252402748,11.545185185185186,14.761652,10.212229,11.057021830549663,13.2628295399137
8.1,10.553992695738875,14.4,10.857845207553154,13.649499955735228,12.027160493827154,10.591214,14.318207,12.192606614443976,11.062952142966413
23.8,14.07053318888931,21.9,19.907425698538244,17.634203127827877,21.117037037037043,21.38713,18.388802,19.314242947595197,20.48192092562206
25.2,11.260474972772425,0.001,7.797005114310282,9.201929328348182,8.567922716049377,9.839345,8.642452,7.7533297166715345,8.599169600977923
13.8,11.790739026912714,9.6,8.077836267036297,8.825994774931301,12.208148148148144,13.385672,9.146624,10.444248074257093,11.404531720762481
1.7,9.63569527720371,0.4,3.3399318401765408,7.153298310643635,2.931950617283952,2.2308495,4.564265,4.361558858863241,3.528761848621551
10.2,8.444438012397894,12.2,10.67370526287611,11.974654039000463,12.214074074074087,12.643054,12.050573,11.211528317644602,11.88659479210626
17.7,13.354320633115059,21.1,17.97638767381624,15.742175092732637,19.330370370370378,18.09342,15.532747,17.638815928604803,18.56796834263019
16.4,11.536525471080965,15.7,3.957101559916527,7.502232089403831,14.423165185185177,16.769934,7.558018,10.887517449993837,12.952057312495068
16.2,12.287947803900197,11.6,13.788878988186715,12.54959056507457,14.72000000000002,16.78516,12.636032,13.889312745762654,15.544625703101955
12.6,15.248964867150828,13.5,16.175946113577062,17.449622970577817,15.422962962962957,19.842577,13.728408,16.49464122116462,16.087566131263337
15.8,10.189567876845986,21.1,0.0003,4.4923024801579805,8.815998518518517,6.664113,5.0507946,6.392642597502593,4.893796668194192
19.7,13.885149263796858,18.0,18.06804965830311,15.717155445097859,14.469481481481475,14.029777,14.67874,15.970353800783046,14.888956113080981
6.0,12.466678783028758,6.0,8.58154362524761,9.62389995502296,7.6088888888888855,6.6150064,8.59964,8.593074052616192,7.755567831767503
21.9,14.505328622973707,23.0,24.598233437843824,17.742470159390848,21.722962962962946,22.165747,20.143385,20.019093307157185,22.520560865476803
20.2,11.886698976950013,21.1,10.696778728251223,10.838254876490193,13.284629629629645,11.084426,11.169624,12.802884844472606,11.599639056788801
