,Temperature,pCH4_per_pO2,Contact time,Y(C2)_predicted
11,1004.0,1.9,0.04,2.683630681
21,1023.0,4.0,0.06,7.9197821799999994
23,1013.0,2.0,0.55,14.1245331
43,1023.0,4.0,0.37,7.90413895
50,903.0,3.0000000000000004,0.37,0.4274357939999999
51,918.0,3.0000000000000004,0.37,0.4274357939999999
52,932.9999999999999,3.0000000000000004,0.37,1.461190573
53,958.0,3.0000000000000004,0.37,2.24500282
54,972.9999999999999,3.0000000000000004,0.37,2.480979227
55,1008.0000000000001,3.0000000000000004,0.37,4.401250498
56,1023.0,3.0000000000000004,0.37,9.717078236
57,993.0,3.0000000000000004,0.19,0.456602098
58,1018.0000000000001,3.0000000000000004,0.19,4.333238406
64,988.0,3.0000000000000004,0.09,2.37115751
65,1013.0,3.0000000000000004,0.09,6.241412508
89,1023.0,3.0000000000000004,0.0,16.00186352
91,1023.0,3.0000000000000004,0.0,16.00186352
97,848.0,4.0,0.01,0.0
98,873.0,4.0,0.01,0.0
99,898.0,4.0,0.01,0.0
100,923.0,4.0,0.01,0.0
101,948.0,4.0,0.01,0.17009595
102,972.9999999999999,4.0,0.01,0.898528317
103,998.0000000000001,4.0,0.01,1.50930072
104,1023.0,4.0,0.01,8.543646061
109,873.0,4.0,0.07,2.012875387
110,923.0,4.0,0.07,2.14746635
111,972.9999999999999,4.0,0.07,4.091804425
112,1023.0,4.0,0.07,11.76905544
114,1023.0,3.0000000000000004,0.36,14.236752719999998
2364,839.0,1.5000000000000002,0.0,9.551309758
2365,839.0,1.5000000000000002,0.072,6.994392112
2366,839.0,1.5000000000000002,0.144,3.243188454
2367,839.0,1.5000000000000002,0.216,2.962152095
2368,839.0,1.5000000000000002,0.288,2.962152095
2369,839.0,1.5000000000000002,0.36,9.589847711
2370,839.0,1.5000000000000002,0.432,6.617509592
2371,839.0,1.5000000000000002,0.504,6.617509592
2372,839.0,1.5000000000000002,0.576,9.933110279
2385,839.0,1.75,0.0,9.551309758
2386,839.0,1.75,0.072,6.994392112
2387,839.0,1.75,0.144,3.243188454
2388,839.0,1.75,0.216,2.962152095
2389,839.0,1.75,0.288,2.962152095
2390,839.0,1.75,0.36,9.589847711
2391,839.0,1.75,0.432,6.617509592
2392,839.0,1.75,0.504,6.617509592
2393,839.0,1.75,0.576,9.933110279
2406,839.0,2.0,0.0,7.930769467
2407,839.0,2.0,0.072,5.287248717
2408,839.0,2.0,0.144,1.408573088
2409,839.0,2.0,0.216,1.193470945
2410,839.0,2.0,0.288,1.193470945
2411,839.0,2.0,0.36,7.821168953
2412,839.0,2.0,0.432,4.825053139
2413,839.0,2.0,0.504,4.825053139
2414,839.0,2.0,0.576,8.206915799
2427,839.0,2.25,0.0,7.046489346
2428,839.0,2.25,0.072,3.494753987
2429,839.0,2.25,0.144,0.0
2430,839.0,2.25,0.216,0.0
2431,839.0,2.25,0.288,0.0
2432,839.0,2.25,0.36,5.958626398
2433,839.0,2.25,0.432,2.044605542
2434,839.0,2.25,0.504,2.044605542
2435,839.0,2.25,0.576,4.701343831
2448,839.0,2.5,0.0,6.782047281
2449,839.0,2.5,0.072,3.4763208720000005
2450,839.0,2.5,0.144,0.0
2451,839.0,2.5,0.216,0.0
2452,839.0,2.5,0.288,0.0
2453,839.0,2.5,0.36,5.940193284
2454,839.0,2.5,0.432,2.026172611
2455,839.0,2.5,0.504,2.026172611
2456,839.0,2.5,0.576,4.682910717
2469,839.0,2.75,0.0,6.560958847
2470,839.0,2.75,0.072,3.335918263
2471,839.0,2.75,0.144,0.0
2472,839.0,2.75,0.216,0.0
2473,839.0,2.75,0.288,0.0
2474,839.0,2.75,0.36,5.807724179
2475,839.0,2.75,0.432,1.8937036909999998
2476,839.0,2.75,0.504,1.8937036909999998
2477,839.0,2.75,0.576,4.550441612
2490,839.0,3.0000000000000004,0.0,6.887156007
2491,839.0,3.0000000000000004,0.072,2.836903934
2492,839.0,3.0000000000000004,0.144,0.0
2493,839.0,3.0000000000000004,0.216,0.0
2494,839.0,3.0000000000000004,0.288,0.0
2495,839.0,3.0000000000000004,0.36,4.696822231
2496,839.0,3.0000000000000004,0.432,0.695549291
2497,839.0,3.0000000000000004,0.504,0.695549291
2498,839.0,3.0000000000000004,0.576,3.352292825
2511,839.0,3.25,0.0,6.887156007
2512,839.0,3.25,0.072,2.836903934
2513,839.0,3.25,0.144,0.0
2514,839.0,3.25,0.216,0.0
2515,839.0,3.25,0.288,0.0
2516,839.0,3.25,0.36,4.696822231
2517,839.0,3.25,0.432,0.695549291
2518,839.0,3.25,0.504,0.695549291
2519,839.0,3.25,0.576,3.352292825
2532,839.0,3.4999999999999996,0.0,6.887156007
2533,839.0,3.4999999999999996,0.072,2.836903934
2534,839.0,3.4999999999999996,0.144,0.0
2535,839.0,3.4999999999999996,0.216,0.0
2536,839.0,3.4999999999999996,0.288,0.0
2537,839.0,3.4999999999999996,0.36,4.696822231
2538,839.0,3.4999999999999996,0.432,0.695549291
2539,839.0,3.4999999999999996,0.504,0.695549291
2540,839.0,3.4999999999999996,0.576,3.352292825
2553,839.0,3.75,0.0,6.887156007
2554,839.0,3.75,0.072,2.836903934
2555,839.0,3.75,0.144,0.0
2556,839.0,3.75,0.216,0.0
2557,839.0,3.75,0.288,0.0
2558,839.0,3.75,0.36,4.696822231
2559,839.0,3.75,0.432,0.695549291
2560,839.0,3.75,0.504,0.695549291
2561,839.0,3.75,0.576,3.352292825
2574,839.0,4.0,0.0,5.678959586
2575,839.0,4.0,0.072,2.012875387
2576,839.0,4.0,0.144,0.0
2577,839.0,4.0,0.216,0.0
2578,839.0,4.0,0.288,0.0
2579,839.0,4.0,0.36,3.029642463
2580,839.0,4.0,0.432,0.0
2581,839.0,4.0,0.504,0.0
2582,839.0,4.0,0.576,1.453188977
2595,839.0,4.25,0.0,5.678959586
2596,839.0,4.25,0.072,2.012875387
2597,839.0,4.25,0.144,0.0
2598,839.0,4.25,0.216,0.0
2599,839.0,4.25,0.288,0.0
2600,839.0,4.25,0.36,3.029642463
2601,839.0,4.25,0.432,0.0
2602,839.0,4.25,0.504,0.0
2603,839.0,4.25,0.576,1.453188977
2616,839.0,4.499999999999999,0.0,5.678959586
2617,839.0,4.499999999999999,0.072,2.012875387
2618,839.0,4.499999999999999,0.144,0.0
2619,839.0,4.499999999999999,0.216,0.0
2620,839.0,4.499999999999999,0.288,0.0
2621,839.0,4.499999999999999,0.36,3.029642463
2622,839.0,4.499999999999999,0.432,0.0
2623,839.0,4.499999999999999,0.504,0.0
2624,839.0,4.499999999999999,0.576,1.453188977
2637,839.0,4.749999999999999,0.0,5.678959586
2638,839.0,4.749999999999999,0.072,2.012875387
2639,839.0,4.749999999999999,0.144,0.0
2640,839.0,4.749999999999999,0.216,0.0
2641,839.0,4.749999999999999,0.288,0.0
2642,839.0,4.749999999999999,0.36,3.029642463
2643,839.0,4.749999999999999,0.432,0.0
2644,839.0,4.749999999999999,0.504,0.0
2645,839.0,4.749999999999999,0.576,1.453188977
2658,839.0,5.0,0.0,5.016068602
2659,839.0,5.0,0.072,1.349984495
2660,839.0,5.0,0.144,0.0
2661,839.0,5.0,0.216,0.0
2662,839.0,5.0,0.288,0.0
2663,839.0,5.0,0.36,2.347010836
2664,839.0,5.0,0.432,0.0
2665,839.0,5.0,0.504,0.0
2666,839.0,5.0,0.576,0.770557994
2679,839.0,5.25,0.0,5.016068602
2680,839.0,5.25,0.072,1.349984495
2681,839.0,5.25,0.144,0.0
2682,839.0,5.25,0.216,0.0
2683,839.0,5.25,0.288,0.0
2684,839.0,5.25,0.36,2.347010836
2685,839.0,5.25,0.432,0.0
2686,839.0,5.25,0.504,0.0
2687,839.0,5.25,0.576,0.770557994
2700,839.0,5.5,0.0,5.016068602
2701,839.0,5.5,0.072,1.349984495
2702,839.0,5.5,0.144,0.0
2703,839.0,5.5,0.216,0.0
2704,839.0,5.5,0.288,0.0
2705,839.0,5.5,0.36,2.347010836
2706,839.0,5.5,0.432,0.0
2707,839.0,5.5,0.504,0.0
2708,839.0,5.5,0.576,0.770557994
2721,839.0,5.75,0.0,5.016068602
2722,839.0,5.75,0.072,1.349984495
2723,839.0,5.75,0.144,0.0
2724,839.0,5.75,0.216,0.0
2725,839.0,5.75,0.288,0.0
2726,839.0,5.75,0.36,2.347010836
2727,839.0,5.75,0.432,0.0
2728,839.0,5.75,0.504,0.0
2729,839.0,5.75,0.576,0.770557994
2742,839.0,6.000000000000001,0.0,5.016068602
2743,839.0,6.000000000000001,0.072,1.349984495
2744,839.0,6.000000000000001,0.144,0.0
2745,839.0,6.000000000000001,0.216,0.0
2746,839.0,6.000000000000001,0.288,0.0
2747,839.0,6.000000000000001,0.36,2.347010836
2748,839.0,6.000000000000001,0.432,0.0
2749,839.0,6.000000000000001,0.504,0.0
2750,839.0,6.000000000000001,0.576,0.770557994
2805,862.2,1.5000000000000002,0.0,9.551309758
2806,862.2,1.5000000000000002,0.072,6.994392112
2807,862.2,1.5000000000000002,0.144,3.243188454
2808,862.2,1.5000000000000002,0.216,2.962152095
2809,862.2,1.5000000000000002,0.288,2.962152095
2810,862.2,1.5000000000000002,0.36,9.589847711
2811,862.2,1.5000000000000002,0.432,6.617509592
2812,862.2,1.5000000000000002,0.504,6.617509592
2813,862.2,1.5000000000000002,0.576,9.933110279
2826,862.2,1.75,0.0,9.551309758
2827,862.2,1.75,0.072,6.994392112
2828,862.2,1.75,0.144,3.243188454
2829,862.2,1.75,0.216,2.962152095
2830,862.2,1.75,0.288,2.962152095
2831,862.2,1.75,0.36,9.589847711
2832,862.2,1.75,0.432,6.617509592
2833,862.2,1.75,0.504,6.617509592
2834,862.2,1.75,0.576,9.933110279
2847,862.2,2.0,0.0,7.930769467
2848,862.2,2.0,0.072,5.287248717
2849,862.2,2.0,0.144,1.408573088
2850,862.2,2.0,0.216,1.193470945
2851,862.2,2.0,0.288,1.193470945
2852,862.2,2.0,0.36,7.821168953
2853,862.2,2.0,0.432,4.825053139
2854,862.2,2.0,0.504,4.825053139
2855,862.2,2.0,0.576,8.206915799
2868,862.2,2.25,0.0,7.046489346
2869,862.2,2.25,0.072,3.494753987
2870,862.2,2.25,0.144,0.0
2871,862.2,2.25,0.216,0.0
2872,862.2,2.25,0.288,0.0
2873,862.2,2.25,0.36,5.958626398
2874,862.2,2.25,0.432,2.044605542
2875,862.2,2.25,0.504,2.044605542
2876,862.2,2.25,0.576,4.701343831
2889,862.2,2.5,0.0,6.782047281
2890,862.2,2.5,0.072,3.4763208720000005
2891,862.2,2.5,0.144,0.0
2892,862.2,2.5,0.216,0.0
2893,862.2,2.5,0.288,0.0
2894,862.2,2.5,0.36,5.940193284
2895,862.2,2.5,0.432,2.026172611
2896,862.2,2.5,0.504,2.026172611
2897,862.2,2.5,0.576,4.682910717
2910,862.2,2.75,0.0,6.560958847
2911,862.2,2.75,0.072,3.335918263
2912,862.2,2.75,0.144,0.0
2913,862.2,2.75,0.216,0.0
2914,862.2,2.75,0.288,0.0
2915,862.2,2.75,0.36,5.807724179
2916,862.2,2.75,0.432,1.8937036909999998
2917,862.2,2.75,0.504,1.8937036909999998
2918,862.2,2.75,0.576,4.550441612
2931,862.2,3.0000000000000004,0.0,6.887156007
2932,862.2,3.0000000000000004,0.072,2.836903934
2933,862.2,3.0000000000000004,0.144,0.0
2934,862.2,3.0000000000000004,0.216,0.0
2935,862.2,3.0000000000000004,0.288,0.0
2936,862.2,3.0000000000000004,0.36,4.696822231
2937,862.2,3.0000000000000004,0.432,0.695549291
2938,862.2,3.0000000000000004,0.504,0.695549291
2939,862.2,3.0000000000000004,0.576,3.352292825
2952,862.2,3.25,0.0,6.887156007
2953,862.2,3.25,0.072,2.836903934
2954,862.2,3.25,0.144,0.0
2955,862.2,3.25,0.216,0.0
2956,862.2,3.25,0.288,0.0
2957,862.2,3.25,0.36,4.696822231
2958,862.2,3.25,0.432,0.695549291
2959,862.2,3.25,0.504,0.695549291
2960,862.2,3.25,0.576,3.352292825
2973,862.2,3.4999999999999996,0.0,6.887156007
2974,862.2,3.4999999999999996,0.072,2.836903934
2975,862.2,3.4999999999999996,0.144,0.0
2976,862.2,3.4999999999999996,0.216,0.0
2977,862.2,3.4999999999999996,0.288,0.0
2978,862.2,3.4999999999999996,0.36,4.696822231
2979,862.2,3.4999999999999996,0.432,0.695549291
2980,862.2,3.4999999999999996,0.504,0.695549291
2981,862.2,3.4999999999999996,0.576,3.352292825
2994,862.2,3.75,0.0,6.887156007
2995,862.2,3.75,0.072,2.836903934
2996,862.2,3.75,0.144,0.0
2997,862.2,3.75,0.216,0.0
2998,862.2,3.75,0.288,0.0
2999,862.2,3.75,0.36,4.696822231
3000,862.2,3.75,0.432,0.695549291
3001,862.2,3.75,0.504,0.695549291
3002,862.2,3.75,0.576,3.352292825
3015,862.2,4.0,0.0,5.678959586
3016,862.2,4.0,0.072,2.012875387
3017,862.2,4.0,0.144,0.0
3018,862.2,4.0,0.216,0.0
3019,862.2,4.0,0.288,0.0
3020,862.2,4.0,0.36,3.029642463
3021,862.2,4.0,0.432,0.0
3022,862.2,4.0,0.504,0.0
3023,862.2,4.0,0.576,1.453188977
3036,862.2,4.25,0.0,5.678959586
3037,862.2,4.25,0.072,2.012875387
3038,862.2,4.25,0.144,0.0
3039,862.2,4.25,0.216,0.0
3040,862.2,4.25,0.288,0.0
3041,862.2,4.25,0.36,3.029642463
3042,862.2,4.25,0.432,0.0
3043,862.2,4.25,0.504,0.0
3044,862.2,4.25,0.576,1.453188977
3057,862.2,4.499999999999999,0.0,5.678959586
3058,862.2,4.499999999999999,0.072,2.012875387
3059,862.2,4.499999999999999,0.144,0.0
3060,862.2,4.499999999999999,0.216,0.0
3061,862.2,4.499999999999999,0.288,0.0
3062,862.2,4.499999999999999,0.36,3.029642463
3063,862.2,4.499999999999999,0.432,0.0
3064,862.2,4.499999999999999,0.504,0.0
3065,862.2,4.499999999999999,0.576,1.453188977
3078,862.2,4.749999999999999,0.0,5.678959586
3079,862.2,4.749999999999999,0.072,2.012875387
3080,862.2,4.749999999999999,0.144,0.0
3081,862.2,4.749999999999999,0.216,0.0
3082,862.2,4.749999999999999,0.288,0.0
3083,862.2,4.749999999999999,0.36,3.029642463
3084,862.2,4.749999999999999,0.432,0.0
3085,862.2,4.749999999999999,0.504,0.0
3086,862.2,4.749999999999999,0.576,1.453188977
3099,862.2,5.0,0.0,5.016068602
3100,862.2,5.0,0.072,1.349984495
3101,862.2,5.0,0.144,0.0
3102,862.2,5.0,0.216,0.0
3103,862.2,5.0,0.288,0.0
3104,862.2,5.0,0.36,2.347010836
3105,862.2,5.0,0.432,0.0
3106,862.2,5.0,0.504,0.0
3107,862.2,5.0,0.576,0.770557994
3120,862.2,5.25,0.0,5.016068602
3121,862.2,5.25,0.072,1.349984495
3122,862.2,5.25,0.144,0.0
3123,862.2,5.25,0.216,0.0
3124,862.2,5.25,0.288,0.0
3125,862.2,5.25,0.36,2.347010836
3126,862.2,5.25,0.432,0.0
3127,862.2,5.25,0.504,0.0
3128,862.2,5.25,0.576,0.770557994
3141,862.2,5.5,0.0,5.016068602
3142,862.2,5.5,0.072,1.349984495
3143,862.2,5.5,0.144,0.0
3144,862.2,5.5,0.216,0.0
3145,862.2,5.5,0.288,0.0
3146,862.2,5.5,0.36,2.347010836
3147,862.2,5.5,0.432,0.0
3148,862.2,5.5,0.504,0.0
3149,862.2,5.5,0.576,0.770557994
3162,862.2,5.75,0.0,5.016068602
3163,862.2,5.75,0.072,1.349984495
3164,862.2,5.75,0.144,0.0
3165,862.2,5.75,0.216,0.0
3166,862.2,5.75,0.288,0.0
3167,862.2,5.75,0.36,2.347010836
3168,862.2,5.75,0.432,0.0
3169,862.2,5.75,0.504,0.0
3170,862.2,5.75,0.576,0.770557994
3183,862.2,6.000000000000001,0.0,5.016068602
3184,862.2,6.000000000000001,0.072,1.349984495
3185,862.2,6.000000000000001,0.144,0.0
3186,862.2,6.000000000000001,0.216,0.0
3187,862.2,6.000000000000001,0.288,0.0
3188,862.2,6.000000000000001,0.36,2.347010836
3189,862.2,6.000000000000001,0.432,0.0
3190,862.2,6.000000000000001,0.504,0.0
3191,862.2,6.000000000000001,0.576,0.770557994
3246,885.4,1.5000000000000002,0.0,9.551309758
3247,885.4,1.5000000000000002,0.072,6.994392112
3248,885.4,1.5000000000000002,0.144,3.243188454
3249,885.4,1.5000000000000002,0.216,2.962152095
3250,885.4,1.5000000000000002,0.288,2.962152095
3251,885.4,1.5000000000000002,0.36,9.589847711
3252,885.4,1.5000000000000002,0.432,6.617509592
3253,885.4,1.5000000000000002,0.504,6.617509592
3254,885.4,1.5000000000000002,0.576,9.933110279
3267,885.4,1.75,0.0,9.551309758
3268,885.4,1.75,0.072,6.994392112
3269,885.4,1.75,0.144,3.243188454
3270,885.4,1.75,0.216,2.962152095
3271,885.4,1.75,0.288,2.962152095
3272,885.4,1.75,0.36,9.589847711
3273,885.4,1.75,0.432,6.617509592
3274,885.4,1.75,0.504,6.617509592
3275,885.4,1.75,0.576,9.933110279
3288,885.4,2.0,0.0,7.930769467
3289,885.4,2.0,0.072,5.287248717
3290,885.4,2.0,0.144,1.408573088
3291,885.4,2.0,0.216,1.193470945
3292,885.4,2.0,0.288,1.193470945
3293,885.4,2.0,0.36,7.821168953
3294,885.4,2.0,0.432,4.825053139
3295,885.4,2.0,0.504,4.825053139
3296,885.4,2.0,0.576,8.206915799
3309,885.4,2.25,0.0,7.046489346
3310,885.4,2.25,0.072,3.494753987
3311,885.4,2.25,0.144,0.0
3312,885.4,2.25,0.216,0.0
3313,885.4,2.25,0.288,0.0
3314,885.4,2.25,0.36,5.958626398
3315,885.4,2.25,0.432,2.044605542
3316,885.4,2.25,0.504,2.044605542
3317,885.4,2.25,0.576,4.701343831
3330,885.4,2.5,0.0,6.782047281
3331,885.4,2.5,0.072,3.4763208720000005
3332,885.4,2.5,0.144,0.0
3333,885.4,2.5,0.216,0.0
3334,885.4,2.5,0.288,0.0
3335,885.4,2.5,0.36,5.940193284
3336,885.4,2.5,0.432,2.026172611
3337,885.4,2.5,0.504,2.026172611
3338,885.4,2.5,0.576,4.682910717
3351,885.4,2.75,0.0,6.560958847
3352,885.4,2.75,0.072,3.335918263
3353,885.4,2.75,0.144,0.0
3354,885.4,2.75,0.216,0.0
3355,885.4,2.75,0.288,0.0
3356,885.4,2.75,0.36,5.807724179
3357,885.4,2.75,0.432,1.8937036909999998
3358,885.4,2.75,0.504,1.8937036909999998
3359,885.4,2.75,0.576,4.550441612
3372,885.4,3.0000000000000004,0.0,6.887156007
3373,885.4,3.0000000000000004,0.072,2.836903934
3374,885.4,3.0000000000000004,0.144,0.0
3375,885.4,3.0000000000000004,0.216,0.0
3376,885.4,3.0000000000000004,0.288,0.0
3377,885.4,3.0000000000000004,0.36,4.696822231
3378,885.4,3.0000000000000004,0.432,0.695549291
3379,885.4,3.0000000000000004,0.504,0.695549291
3380,885.4,3.0000000000000004,0.576,3.352292825
3393,885.4,3.25,0.0,6.887156007
3394,885.4,3.25,0.072,2.836903934
3395,885.4,3.25,0.144,0.0
3396,885.4,3.25,0.216,0.0
3397,885.4,3.25,0.288,0.0
3398,885.4,3.25,0.36,4.696822231
3399,885.4,3.25,0.432,0.695549291
3400,885.4,3.25,0.504,0.695549291
3401,885.4,3.25,0.576,3.352292825
3414,885.4,3.4999999999999996,0.0,6.887156007
3415,885.4,3.4999999999999996,0.072,2.836903934
3416,885.4,3.4999999999999996,0.144,0.0
3417,885.4,3.4999999999999996,0.216,0.0
3418,885.4,3.4999999999999996,0.288,0.0
3419,885.4,3.4999999999999996,0.36,4.696822231
3420,885.4,3.4999999999999996,0.432,0.695549291
3421,885.4,3.4999999999999996,0.504,0.695549291
3422,885.4,3.4999999999999996,0.576,3.352292825
3435,885.4,3.75,0.0,6.887156007
3436,885.4,3.75,0.072,2.836903934
3437,885.4,3.75,0.144,0.0
3438,885.4,3.75,0.216,0.0
3439,885.4,3.75,0.288,0.0
3440,885.4,3.75,0.36,4.696822231
3441,885.4,3.75,0.432,0.695549291
3442,885.4,3.75,0.504,0.695549291
3443,885.4,3.75,0.576,3.352292825
3456,885.4,4.0,0.0,5.678959586
3457,885.4,4.0,0.072,2.012875387
3458,885.4,4.0,0.144,0.0
3459,885.4,4.0,0.216,0.0
3460,885.4,4.0,0.288,0.0
3461,885.4,4.0,0.36,3.029642463
3462,885.4,4.0,0.432,0.0
3463,885.4,4.0,0.504,0.0
3464,885.4,4.0,0.576,1.453188977
3477,885.4,4.25,0.0,5.678959586
3478,885.4,4.25,0.072,2.012875387
3479,885.4,4.25,0.144,0.0
3480,885.4,4.25,0.216,0.0
3481,885.4,4.25,0.288,0.0
3482,885.4,4.25,0.36,3.029642463
3483,885.4,4.25,0.432,0.0
3484,885.4,4.25,0.504,0.0
3485,885.4,4.25,0.576,1.453188977
3498,885.4,4.499999999999999,0.0,5.678959586
3499,885.4,4.499999999999999,0.072,2.012875387
3500,885.4,4.499999999999999,0.144,0.0
3501,885.4,4.499999999999999,0.216,0.0
3502,885.4,4.499999999999999,0.288,0.0
3503,885.4,4.499999999999999,0.36,3.029642463
3504,885.4,4.499999999999999,0.432,0.0
3505,885.4,4.499999999999999,0.504,0.0
3506,885.4,4.499999999999999,0.576,1.453188977
3519,885.4,4.749999999999999,0.0,5.678959586
3520,885.4,4.749999999999999,0.072,2.012875387
3521,885.4,4.749999999999999,0.144,0.0
3522,885.4,4.749999999999999,0.216,0.0
3523,885.4,4.749999999999999,0.288,0.0
3524,885.4,4.749999999999999,0.36,3.029642463
3525,885.4,4.749999999999999,0.432,0.0
3526,885.4,4.749999999999999,0.504,0.0
3527,885.4,4.749999999999999,0.576,1.453188977
3540,885.4,5.0,0.0,5.016068602
3541,885.4,5.0,0.072,1.349984495
3542,885.4,5.0,0.144,0.0
3543,885.4,5.0,0.216,0.0
3544,885.4,5.0,0.288,0.0
3545,885.4,5.0,0.36,2.347010836
3546,885.4,5.0,0.432,0.0
3547,885.4,5.0,0.504,0.0
3548,885.4,5.0,0.576,0.770557994
3561,885.4,5.25,0.0,5.016068602
3562,885.4,5.25,0.072,1.349984495
3563,885.4,5.25,0.144,0.0
3564,885.4,5.25,0.216,0.0
3565,885.4,5.25,0.288,0.0
3566,885.4,5.25,0.36,2.347010836
3567,885.4,5.25,0.432,0.0
3568,885.4,5.25,0.504,0.0
3569,885.4,5.25,0.576,0.770557994
3582,885.4,5.5,0.0,5.016068602
3583,885.4,5.5,0.072,1.349984495
3584,885.4,5.5,0.144,0.0
3585,885.4,5.5,0.216,0.0
3586,885.4,5.5,0.288,0.0
3587,885.4,5.5,0.36,2.347010836
3588,885.4,5.5,0.432,0.0
3589,885.4,5.5,0.504,0.0
3590,885.4,5.5,0.576,0.770557994
3603,885.4,5.75,0.0,5.016068602
3604,885.4,5.75,0.072,1.349984495
3605,885.4,5.75,0.144,0.0
3606,885.4,5.75,0.216,0.0
3607,885.4,5.75,0.288,0.0
3608,885.4,5.75,0.36,2.347010836
3609,885.4,5.75,0.432,0.0
3610,885.4,5.75,0.504,0.0
3611,885.4,5.75,0.576,0.770557994
3624,885.4,6.000000000000001,0.0,5.016068602
3625,885.4,6.000000000000001,0.072,1.349984495
3626,885.4,6.000000000000001,0.144,0.0
3627,885.4,6.000000000000001,0.216,0.0
3628,885.4,6.000000000000001,0.288,0.0
3629,885.4,6.000000000000001,0.36,2.347010836
3630,885.4,6.000000000000001,0.432,0.0
3631,885.4,6.000000000000001,0.504,0.0
3632,885.4,6.000000000000001,0.576,0.770557994
3687,908.6,1.5000000000000002,0.0,9.551309758
3688,908.6,1.5000000000000002,0.072,6.994392112
3689,908.6,1.5000000000000002,0.144,3.243188454
3690,908.6,1.5000000000000002,0.216,2.962152095
3691,908.6,1.5000000000000002,0.288,2.962152095
3692,908.6,1.5000000000000002,0.36,9.589847711
3693,908.6,1.5000000000000002,0.432,6.617509592
3694,908.6,1.5000000000000002,0.504,6.617509592
3695,908.6,1.5000000000000002,0.576,9.933110279
3708,908.6,1.75,0.0,9.551309758
3709,908.6,1.75,0.072,6.994392112
3710,908.6,1.75,0.144,3.243188454
3711,908.6,1.75,0.216,2.962152095
3712,908.6,1.75,0.288,2.962152095
3713,908.6,1.75,0.36,9.589847711
3714,908.6,1.75,0.432,6.617509592
3715,908.6,1.75,0.504,6.617509592
3716,908.6,1.75,0.576,9.933110279
3729,908.6,2.0,0.0,7.930769467
3730,908.6,2.0,0.072,5.287248717
3731,908.6,2.0,0.144,1.408573088
3732,908.6,2.0,0.216,1.193470945
3733,908.6,2.0,0.288,1.193470945
3734,908.6,2.0,0.36,7.821168953
3735,908.6,2.0,0.432,4.825053139
3736,908.6,2.0,0.504,4.825053139
3737,908.6,2.0,0.576,8.206915799
3750,908.6,2.25,0.0,7.046489346
3751,908.6,2.25,0.072,3.494753987
3752,908.6,2.25,0.144,0.0
3753,908.6,2.25,0.216,0.0
3754,908.6,2.25,0.288,0.0
3755,908.6,2.25,0.36,5.958626398
3756,908.6,2.25,0.432,2.044605542
3757,908.6,2.25,0.504,2.044605542
3758,908.6,2.25,0.576,4.701343831
3771,908.6,2.5,0.0,6.782047281
3772,908.6,2.5,0.072,3.4763208720000005
3773,908.6,2.5,0.144,0.0
3774,908.6,2.5,0.216,0.0
3775,908.6,2.5,0.288,0.0
3776,908.6,2.5,0.36,5.940193284
3777,908.6,2.5,0.432,2.026172611
3778,908.6,2.5,0.504,2.026172611
3779,908.6,2.5,0.576,4.682910717
3792,908.6,2.75,0.0,6.560958847
3793,908.6,2.75,0.072,3.335918263
3794,908.6,2.75,0.144,0.0
3795,908.6,2.75,0.216,0.0
3796,908.6,2.75,0.288,0.0
3797,908.6,2.75,0.36,5.807724179
3798,908.6,2.75,0.432,1.8937036909999998
3799,908.6,2.75,0.504,1.8937036909999998
3800,908.6,2.75,0.576,4.550441612
3813,908.6,3.0000000000000004,0.0,6.887156007
3814,908.6,3.0000000000000004,0.072,2.836903934
3815,908.6,3.0000000000000004,0.144,0.0
3816,908.6,3.0000000000000004,0.216,0.0
3817,908.6,3.0000000000000004,0.288,0.0
3818,908.6,3.0000000000000004,0.36,4.696822231
3819,908.6,3.0000000000000004,0.432,0.695549291
3820,908.6,3.0000000000000004,0.504,0.695549291
3821,908.6,3.0000000000000004,0.576,3.352292825
3834,908.6,3.25,0.0,6.887156007
3835,908.6,3.25,0.072,2.836903934
3836,908.6,3.25,0.144,0.0
3837,908.6,3.25,0.216,0.0
3838,908.6,3.25,0.288,0.0
3839,908.6,3.25,0.36,4.696822231
3840,908.6,3.25,0.432,0.695549291
3841,908.6,3.25,0.504,0.695549291
3842,908.6,3.25,0.576,3.352292825
3855,908.6,3.4999999999999996,0.0,6.887156007
3856,908.6,3.4999999999999996,0.072,2.836903934
3857,908.6,3.4999999999999996,0.144,0.0
3858,908.6,3.4999999999999996,0.216,0.0
3859,908.6,3.4999999999999996,0.288,0.0
3860,908.6,3.4999999999999996,0.36,4.696822231
3861,908.6,3.4999999999999996,0.432,0.695549291
3862,908.6,3.4999999999999996,0.504,0.695549291
3863,908.6,3.4999999999999996,0.576,3.352292825
3876,908.6,3.75,0.0,6.887156007
3877,908.6,3.75,0.072,2.836903934
3878,908.6,3.75,0.144,0.0
3879,908.6,3.75,0.216,0.0
3880,908.6,3.75,0.288,0.0
3881,908.6,3.75,0.36,4.696822231
3882,908.6,3.75,0.432,0.695549291
3883,908.6,3.75,0.504,0.695549291
3884,908.6,3.75,0.576,3.352292825
3897,908.6,4.0,0.0,5.678959586
3898,908.6,4.0,0.072,2.012875387
3899,908.6,4.0,0.144,0.0
3900,908.6,4.0,0.216,0.0
3901,908.6,4.0,0.288,0.0
3902,908.6,4.0,0.36,3.029642463
3903,908.6,4.0,0.432,0.0
3904,908.6,4.0,0.504,0.0
3905,908.6,4.0,0.576,1.453188977
3918,908.6,4.25,0.0,5.678959586
3919,908.6,4.25,0.072,2.012875387
3920,908.6,4.25,0.144,0.0
3921,908.6,4.25,0.216,0.0
3922,908.6,4.25,0.288,0.0
3923,908.6,4.25,0.36,3.029642463
3924,908.6,4.25,0.432,0.0
3925,908.6,4.25,0.504,0.0
3926,908.6,4.25,0.576,1.453188977
3939,908.6,4.499999999999999,0.0,5.678959586
3940,908.6,4.499999999999999,0.072,2.012875387
3941,908.6,4.499999999999999,0.144,0.0
3942,908.6,4.499999999999999,0.216,0.0
3943,908.6,4.499999999999999,0.288,0.0
3944,908.6,4.499999999999999,0.36,3.029642463
3945,908.6,4.499999999999999,0.432,0.0
3946,908.6,4.499999999999999,0.504,0.0
3947,908.6,4.499999999999999,0.576,1.453188977
3960,908.6,4.749999999999999,0.0,5.678959586
3961,908.6,4.749999999999999,0.072,2.012875387
3962,908.6,4.749999999999999,0.144,0.0
3963,908.6,4.749999999999999,0.216,0.0
3964,908.6,4.749999999999999,0.288,0.0
3965,908.6,4.749999999999999,0.36,3.029642463
3966,908.6,4.749999999999999,0.432,0.0
3967,908.6,4.749999999999999,0.504,0.0
3968,908.6,4.749999999999999,0.576,1.453188977
3981,908.6,5.0,0.0,5.016068602
3982,908.6,5.0,0.072,1.349984495
3983,908.6,5.0,0.144,0.0
3984,908.6,5.0,0.216,0.0
3985,908.6,5.0,0.288,0.0
3986,908.6,5.0,0.36,2.347010836
3987,908.6,5.0,0.432,0.0
3988,908.6,5.0,0.504,0.0
3989,908.6,5.0,0.576,0.770557994
4002,908.6,5.25,0.0,5.016068602
4003,908.6,5.25,0.072,1.349984495
4004,908.6,5.25,0.144,0.0
4005,908.6,5.25,0.216,0.0
4006,908.6,5.25,0.288,0.0
4007,908.6,5.25,0.36,2.347010836
4008,908.6,5.25,0.432,0.0
4009,908.6,5.25,0.504,0.0
4010,908.6,5.25,0.576,0.770557994
4023,908.6,5.5,0.0,5.016068602
4024,908.6,5.5,0.072,1.349984495
4025,908.6,5.5,0.144,0.0
4026,908.6,5.5,0.216,0.0
4027,908.6,5.5,0.288,0.0
4028,908.6,5.5,0.36,2.347010836
4029,908.6,5.5,0.432,0.0
4030,908.6,5.5,0.504,0.0
4031,908.6,5.5,0.576,0.770557994
4044,908.6,5.75,0.0,5.016068602
4045,908.6,5.75,0.072,1.349984495
4046,908.6,5.75,0.144,0.0
4047,908.6,5.75,0.216,0.0
4048,908.6,5.75,0.288,0.0
4049,908.6,5.75,0.36,2.347010836
4050,908.6,5.75,0.432,0.0
4051,908.6,5.75,0.504,0.0
4052,908.6,5.75,0.576,0.770557994
4065,908.6,6.000000000000001,0.0,5.016068602
4066,908.6,6.000000000000001,0.072,1.349984495
4067,908.6,6.000000000000001,0.144,0.0
4068,908.6,6.000000000000001,0.216,0.0
4069,908.6,6.000000000000001,0.288,0.0
4070,908.6,6.000000000000001,0.36,2.347010836
4071,908.6,6.000000000000001,0.432,0.0
4072,908.6,6.000000000000001,0.504,0.0
4073,908.6,6.000000000000001,0.576,0.770557994
4128,931.8000000000001,1.5000000000000002,0.0,9.551309758
4129,931.8000000000001,1.5000000000000002,0.072,7.1289816020000005
4130,931.8000000000001,1.5000000000000002,0.144,3.377779049
4131,931.8000000000001,1.5000000000000002,0.216,3.096741585
4132,931.8000000000001,1.5000000000000002,0.288,3.096741585
4133,931.8000000000001,1.5000000000000002,0.36,9.724438673
4134,931.8000000000001,1.5000000000000002,0.432,6.752099082
4135,931.8000000000001,1.5000000000000002,0.504,6.752099082
4136,931.8000000000001,1.5000000000000002,0.576,10.06770198
4149,931.8000000000001,1.75,0.0,9.551309758
4150,931.8000000000001,1.75,0.072,7.1289816020000005
4151,931.8000000000001,1.75,0.144,3.377779049
4152,931.8000000000001,1.75,0.216,3.096741585
4153,931.8000000000001,1.75,0.288,3.096741585
4154,931.8000000000001,1.75,0.36,9.724438673
4155,931.8000000000001,1.75,0.432,6.752099082
4156,931.8000000000001,1.75,0.504,6.752099082
4157,931.8000000000001,1.75,0.576,10.06770198
4170,931.8000000000001,2.0,0.0,7.930769467
4171,931.8000000000001,2.0,0.072,5.421838944
4172,931.8000000000001,2.0,0.144,1.543165063
4173,931.8000000000001,2.0,0.216,1.328061172
4174,931.8000000000001,2.0,0.288,1.328061172
4175,931.8000000000001,2.0,0.36,7.955759916000001
4176,931.8000000000001,2.0,0.432,4.959643734
4177,931.8000000000001,2.0,0.504,4.959643734
4178,931.8000000000001,2.0,0.576,8.341507497
4191,931.8000000000001,2.25,0.0,7.046489346
4192,931.8000000000001,2.25,0.072,3.6293442130000004
4193,931.8000000000001,2.25,0.144,0.0
4194,931.8000000000001,2.25,0.216,0.0
4195,931.8000000000001,2.25,0.288,0.0
4196,931.8000000000001,2.25,0.36,6.093216993
4197,931.8000000000001,2.25,0.432,2.179196136
4198,931.8000000000001,2.25,0.504,2.179196136
4199,931.8000000000001,2.25,0.576,4.835934426
4212,931.8000000000001,2.5,0.0,6.782047281
4213,931.8000000000001,2.5,0.072,3.6109110979999994
4214,931.8000000000001,2.5,0.144,0.0
4215,931.8000000000001,2.5,0.216,0.0
4216,931.8000000000001,2.5,0.288,0.0
4217,931.8000000000001,2.5,0.36,6.074783878
4218,931.8000000000001,2.5,0.432,2.160763206
4219,931.8000000000001,2.5,0.504,2.160763206
4220,931.8000000000001,2.5,0.576,4.817501311
4233,931.8000000000001,2.75,0.0,6.560958847
4234,931.8000000000001,2.75,0.072,3.4705084890000006
4235,931.8000000000001,2.75,0.144,0.0
4236,931.8000000000001,2.75,0.216,0.0
4237,931.8000000000001,2.75,0.288,0.0
4238,931.8000000000001,2.75,0.36,5.942314774
4239,931.8000000000001,2.75,0.432,2.028294653
4240,931.8000000000001,2.75,0.504,2.028294653
4241,931.8000000000001,2.75,0.576,4.685032207
4254,931.8000000000001,3.0000000000000004,0.0,6.887156007
4255,931.8000000000001,3.0000000000000004,0.072,2.971494897
4256,931.8000000000001,3.0000000000000004,0.144,0.0
4257,931.8000000000001,3.0000000000000004,0.216,0.0
4258,931.8000000000001,3.0000000000000004,0.288,0.0
4259,931.8000000000001,3.0000000000000004,0.36,4.831412825
4260,931.8000000000001,3.0000000000000004,0.432,0.830140069
4261,931.8000000000001,3.0000000000000004,0.504,0.830140069
4262,931.8000000000001,3.0000000000000004,0.576,3.486883788
4275,931.8000000000001,3.25,0.0,6.887156007
4276,931.8000000000001,3.25,0.072,2.971494897
4277,931.8000000000001,3.25,0.144,0.0
4278,931.8000000000001,3.25,0.216,0.0
4279,931.8000000000001,3.25,0.288,0.0
4280,931.8000000000001,3.25,0.36,4.831412825
4281,931.8000000000001,3.25,0.432,0.830140069
4282,931.8000000000001,3.25,0.504,0.830140069
4283,931.8000000000001,3.25,0.576,3.486883788
4296,931.8000000000001,3.4999999999999996,0.0,6.887156007
4297,931.8000000000001,3.4999999999999996,0.072,2.971494897
4298,931.8000000000001,3.4999999999999996,0.144,0.0
4299,931.8000000000001,3.4999999999999996,0.216,0.0
4300,931.8000000000001,3.4999999999999996,0.288,0.0
4301,931.8000000000001,3.4999999999999996,0.36,4.831412825
4302,931.8000000000001,3.4999999999999996,0.432,0.830140069
4303,931.8000000000001,3.4999999999999996,0.504,0.830140069
4304,931.8000000000001,3.4999999999999996,0.576,3.486883788
4317,931.8000000000001,3.75,0.0,6.887156007
4318,931.8000000000001,3.75,0.072,2.971494897
4319,931.8000000000001,3.75,0.144,0.0
4320,931.8000000000001,3.75,0.216,0.0
4321,931.8000000000001,3.75,0.288,0.0
4322,931.8000000000001,3.75,0.36,4.831412825
4323,931.8000000000001,3.75,0.432,0.830140069
4324,931.8000000000001,3.75,0.504,0.830140069
4325,931.8000000000001,3.75,0.576,3.486883788
4338,931.8000000000001,4.0,0.0,5.678959586
4339,931.8000000000001,4.0,0.072,2.14746635
4340,931.8000000000001,4.0,0.144,0.0
4341,931.8000000000001,4.0,0.216,0.0
4342,931.8000000000001,4.0,0.288,0.0
4343,931.8000000000001,4.0,0.36,3.164230666
4344,931.8000000000001,4.0,0.432,0.0
4345,931.8000000000001,4.0,0.504,0.0
4346,931.8000000000001,4.0,0.576,1.587780676
4359,931.8000000000001,4.25,0.0,5.678959586
4360,931.8000000000001,4.25,0.072,2.14746635
4361,931.8000000000001,4.25,0.144,0.0
4362,931.8000000000001,4.25,0.216,0.0
4363,931.8000000000001,4.25,0.288,0.0
4364,931.8000000000001,4.25,0.36,3.164230666
4365,931.8000000000001,4.25,0.432,0.0
4366,931.8000000000001,4.25,0.504,0.0
4367,931.8000000000001,4.25,0.576,1.587780676
4380,931.8000000000001,4.499999999999999,0.0,5.678959586
4381,931.8000000000001,4.499999999999999,0.072,2.14746635
4382,931.8000000000001,4.499999999999999,0.144,0.0
4383,931.8000000000001,4.499999999999999,0.216,0.0
4384,931.8000000000001,4.499999999999999,0.288,0.0
4385,931.8000000000001,4.499999999999999,0.36,3.164230666
4386,931.8000000000001,4.499999999999999,0.432,0.0
4387,931.8000000000001,4.499999999999999,0.504,0.0
4388,931.8000000000001,4.499999999999999,0.576,1.587780676
4401,931.8000000000001,4.749999999999999,0.0,5.678959586
4402,931.8000000000001,4.749999999999999,0.072,2.14746635
4403,931.8000000000001,4.749999999999999,0.144,0.0
4404,931.8000000000001,4.749999999999999,0.216,0.0
4405,931.8000000000001,4.749999999999999,0.288,0.0
4406,931.8000000000001,4.749999999999999,0.36,3.164230666
4407,931.8000000000001,4.749999999999999,0.432,0.0
4408,931.8000000000001,4.749999999999999,0.504,0.0
4409,931.8000000000001,4.749999999999999,0.576,1.587780676
4422,931.8000000000001,5.0,0.0,5.016068602
4423,931.8000000000001,5.0,0.072,1.484574445
4424,931.8000000000001,5.0,0.144,0.0
4425,931.8000000000001,5.0,0.216,0.0
4426,931.8000000000001,5.0,0.288,0.0
4427,931.8000000000001,5.0,0.36,2.481601799
4428,931.8000000000001,5.0,0.432,0.0
4429,931.8000000000001,5.0,0.504,0.0
4430,931.8000000000001,5.0,0.576,0.905148957
4443,931.8000000000001,5.25,0.0,5.016068602
4444,931.8000000000001,5.25,0.072,1.484574445
4445,931.8000000000001,5.25,0.144,0.0
4446,931.8000000000001,5.25,0.216,0.0
4447,931.8000000000001,5.25,0.288,0.0
4448,931.8000000000001,5.25,0.36,2.481601799
4449,931.8000000000001,5.25,0.432,0.0
4450,931.8000000000001,5.25,0.504,0.0
4451,931.8000000000001,5.25,0.576,0.905148957
4464,931.8000000000001,5.5,0.0,5.016068602
4465,931.8000000000001,5.5,0.072,1.484574445
4466,931.8000000000001,5.5,0.144,0.0
4467,931.8000000000001,5.5,0.216,0.0
4468,931.8000000000001,5.5,0.288,0.0
4469,931.8000000000001,5.5,0.36,2.481601799
4470,931.8000000000001,5.5,0.432,0.0
4471,931.8000000000001,5.5,0.504,0.0
4472,931.8000000000001,5.5,0.576,0.905148957
4485,931.8000000000001,5.75,0.0,5.016068602
4486,931.8000000000001,5.75,0.072,1.484574445
4487,931.8000000000001,5.75,0.144,0.0
4488,931.8000000000001,5.75,0.216,0.0
4489,931.8000000000001,5.75,0.288,0.0
4490,931.8000000000001,5.75,0.36,2.481601799
4491,931.8000000000001,5.75,0.432,0.0
4492,931.8000000000001,5.75,0.504,0.0
4493,931.8000000000001,5.75,0.576,0.905148957
4506,931.8000000000001,6.000000000000001,0.0,5.016068602
4507,931.8000000000001,6.000000000000001,0.072,1.484574445
4508,931.8000000000001,6.000000000000001,0.144,0.0
4509,931.8000000000001,6.000000000000001,0.216,0.0
4510,931.8000000000001,6.000000000000001,0.288,0.0
4511,931.8000000000001,6.000000000000001,0.36,2.481601799
4512,931.8000000000001,6.000000000000001,0.432,0.0
4513,931.8000000000001,6.000000000000001,0.504,0.0
4514,931.8000000000001,6.000000000000001,0.576,0.905148957
4569,955.0,1.5000000000000002,0.0,10.02882468
4570,955.0,1.5000000000000002,0.072,8.227008858
4571,955.0,1.5000000000000002,0.144,4.475801888
4572,955.0,1.5000000000000002,0.216,4.194765161
4573,955.0,1.5000000000000002,0.288,4.194765161
4574,955.0,1.5000000000000002,0.36,10.82246446
4575,955.0,1.5000000000000002,0.432,7.850129282
4576,955.0,1.5000000000000002,0.504,7.850129282
4577,955.0,1.5000000000000002,0.576,11.16572776
4590,955.0,1.75,0.0,10.02882468
4591,955.0,1.75,0.072,8.227008858
4592,955.0,1.75,0.144,4.475801888
4593,955.0,1.75,0.216,4.194765161
4594,955.0,1.75,0.288,4.194765161
4595,955.0,1.75,0.36,10.82246446
4596,955.0,1.75,0.432,7.850129282
4597,955.0,1.75,0.504,7.850129282
4598,955.0,1.75,0.576,11.16572776
4611,955.0,2.0,0.0,8.443566489
4612,955.0,2.0,0.072,6.555148673
4613,955.0,2.0,0.144,2.67647102
4614,955.0,2.0,0.216,2.461370901
4615,955.0,2.0,0.288,2.461370901
4616,955.0,2.0,0.36,9.089070749
4617,955.0,2.0,0.432,6.092951991
4618,955.0,2.0,0.504,6.092951991
4619,955.0,2.0,0.576,9.474816859
4632,955.0,2.25,0.0,7.616494465
4633,955.0,2.25,0.072,4.819861303
4634,955.0,2.25,0.144,0.825308839
4635,955.0,2.25,0.216,0.588385923
4636,955.0,2.25,0.288,0.588385923
4637,955.0,2.25,0.36,7.283734082999999
4638,955.0,2.25,0.432,3.369710834
4639,955.0,2.25,0.504,3.369710834
4640,955.0,2.25,0.576,6.026450044
4653,955.0,2.5,0.0,7.352052400000001
4654,955.0,2.5,0.072,4.801428188
4655,955.0,2.5,0.144,0.806875908
4656,955.0,2.5,0.216,0.569953269
4657,955.0,2.5,0.288,0.569953269
4658,955.0,2.5,0.36,7.265300968000001
4659,955.0,2.5,0.432,3.351277719
4660,955.0,2.5,0.504,3.351277719
4661,955.0,2.5,0.576,6.008016929
4674,955.0,2.75,0.0,7.130963966
4675,955.0,2.75,0.072,4.661024843
4676,955.0,2.75,0.144,0.666474633
4677,955.0,2.75,0.216,0.401177752
4678,955.0,2.75,0.288,0.401177752
4679,955.0,2.75,0.36,7.132832231999999
4680,955.0,2.75,0.432,3.218810456
4681,955.0,2.75,0.504,3.218810456
4682,955.0,2.75,0.576,5.875547825
4695,955.0,3.0000000000000004,0.0,7.457161126000001
4696,955.0,3.0000000000000004,0.072,4.162007202
4697,955.0,3.0000000000000004,0.144,0.167456832
4698,955.0,3.0000000000000004,0.216,0.0
4699,955.0,3.0000000000000004,0.288,0.0
4700,955.0,3.0000000000000004,0.36,6.021929179
4701,955.0,3.0000000000000004,0.432,2.020660564
4702,955.0,3.0000000000000004,0.504,2.020660564
4703,955.0,3.0000000000000004,0.576,4.677396829
4716,955.0,3.25,0.0,7.457161126000001
4717,955.0,3.25,0.072,4.162007202
4718,955.0,3.25,0.144,0.167456832
4719,955.0,3.25,0.216,0.0
4720,955.0,3.25,0.288,0.0
4721,955.0,3.25,0.36,6.021929179
4722,955.0,3.25,0.432,2.020660564
4723,955.0,3.25,0.504,2.020660564
4724,955.0,3.25,0.576,4.677396829
4737,955.0,3.4999999999999996,0.0,7.457161126000001
4738,955.0,3.4999999999999996,0.072,4.162007202
4739,955.0,3.4999999999999996,0.144,0.167456832
4740,955.0,3.4999999999999996,0.216,0.0
4741,955.0,3.4999999999999996,0.288,0.0
4742,955.0,3.4999999999999996,0.36,6.021929179
4743,955.0,3.4999999999999996,0.432,2.020660564
4744,955.0,3.4999999999999996,0.504,2.020660564
4745,955.0,3.4999999999999996,0.576,4.677396829
4758,955.0,3.75,0.0,7.457161126000001
4759,955.0,3.75,0.072,4.162007202
4760,955.0,3.75,0.144,0.167456832
4761,955.0,3.75,0.216,0.0
4762,955.0,3.75,0.288,0.0
4763,955.0,3.75,0.36,6.021929179
4764,955.0,3.75,0.432,2.020660564
4765,955.0,3.75,0.504,2.020660564
4766,955.0,3.75,0.576,4.677396829
4779,955.0,4.0,0.0,6.274359649
4780,955.0,4.0,0.072,3.363373968
4781,955.0,4.0,0.144,0.0
4782,955.0,4.0,0.216,0.0
4783,955.0,4.0,0.288,0.0
4784,955.0,4.0,0.36,4.380139388
4785,955.0,4.0,0.432,0.37886638
4786,955.0,4.0,0.504,0.37886638
4787,955.0,4.0,0.576,2.803691239
4800,955.0,4.25,0.0,6.274359649
4801,955.0,4.25,0.072,3.363373968
4802,955.0,4.25,0.144,0.0
4803,955.0,4.25,0.216,0.0
4804,955.0,4.25,0.288,0.0
4805,955.0,4.25,0.36,4.380139388
4806,955.0,4.25,0.432,0.37886638
4807,955.0,4.25,0.504,0.37886638
4808,955.0,4.25,0.576,2.803691239
4821,955.0,4.499999999999999,0.0,6.274359649
4822,955.0,4.499999999999999,0.072,3.363373968
4823,955.0,4.499999999999999,0.144,0.0
4824,955.0,4.499999999999999,0.216,0.0
4825,955.0,4.499999999999999,0.288,0.0
4826,955.0,4.499999999999999,0.36,4.380139388
4827,955.0,4.499999999999999,0.432,0.37886638
4828,955.0,4.499999999999999,0.504,0.37886638
4829,955.0,4.499999999999999,0.576,2.803691239
4842,955.0,4.749999999999999,0.0,6.274359649
4843,955.0,4.749999999999999,0.072,3.363373968
4844,955.0,4.749999999999999,0.144,0.0
4845,955.0,4.749999999999999,0.216,0.0
4846,955.0,4.749999999999999,0.288,0.0
4847,955.0,4.749999999999999,0.36,4.380139388
4848,955.0,4.749999999999999,0.432,0.37886638
4849,955.0,4.749999999999999,0.504,0.37886638
4850,955.0,4.749999999999999,0.576,2.803691239
4863,955.0,5.0,0.0,5.520880222
4864,955.0,5.0,0.072,2.609897117
4865,955.0,5.0,0.144,0.0
4866,955.0,5.0,0.216,0.0
4867,955.0,5.0,0.288,0.0
4868,955.0,5.0,0.36,3.6069228139999994
4869,955.0,5.0,0.432,0.0
4870,955.0,5.0,0.504,0.0
4871,955.0,5.0,0.576,2.030473377
4884,955.0,5.25,0.0,5.520880222
4885,955.0,5.25,0.072,2.609897117
4886,955.0,5.25,0.144,0.0
4887,955.0,5.25,0.216,0.0
4888,955.0,5.25,0.288,0.0
4889,955.0,5.25,0.36,3.6069228139999994
4890,955.0,5.25,0.432,0.0
4891,955.0,5.25,0.504,0.0
4892,955.0,5.25,0.576,2.030473377
4905,955.0,5.5,0.0,5.520880222
4906,955.0,5.5,0.072,2.609897117
4907,955.0,5.5,0.144,0.0
4908,955.0,5.5,0.216,0.0
4909,955.0,5.5,0.288,0.0
4910,955.0,5.5,0.36,3.6069228139999994
4911,955.0,5.5,0.432,0.0
4912,955.0,5.5,0.504,0.0
4913,955.0,5.5,0.576,2.030473377
4926,955.0,5.75,0.0,5.520880222
4927,955.0,5.75,0.072,2.609897117
4928,955.0,5.75,0.144,0.0
4929,955.0,5.75,0.216,0.0
4930,955.0,5.75,0.288,0.0
4931,955.0,5.75,0.36,3.6069228139999994
4932,955.0,5.75,0.432,0.0
4933,955.0,5.75,0.504,0.0
4934,955.0,5.75,0.576,2.030473377
4947,955.0,6.000000000000001,0.0,5.520880222
4948,955.0,6.000000000000001,0.072,2.609897117
4949,955.0,6.000000000000001,0.144,0.0
4950,955.0,6.000000000000001,0.216,0.0
4951,955.0,6.000000000000001,0.288,0.0
4952,955.0,6.000000000000001,0.36,3.6069228139999994
4953,955.0,6.000000000000001,0.432,0.0
4954,955.0,6.000000000000001,0.504,0.0
4955,955.0,6.000000000000001,0.576,2.030473377
5010,978.2,1.5000000000000002,0.0,10.68182703
5011,978.2,1.5000000000000002,0.072,8.880012682
5012,978.2,1.5000000000000002,0.144,5.12880424
5013,978.2,1.5000000000000002,0.216,4.847765304
5014,978.2,1.5000000000000002,0.288,4.847765304
5015,978.2,1.5000000000000002,0.36,11.47546534
5016,978.2,1.5000000000000002,0.432,8.503131634
5017,978.2,1.5000000000000002,0.504,8.503131634
5018,978.2,1.5000000000000002,0.576,11.81873011
5031,978.2,1.75,0.0,10.68182703
5032,978.2,1.75,0.072,8.880012682
5033,978.2,1.75,0.144,5.12880424
5034,978.2,1.75,0.216,4.847765304
5035,978.2,1.75,0.288,4.847765304
5036,978.2,1.75,0.36,11.47546534
5037,978.2,1.75,0.432,8.503131634
5038,978.2,1.75,0.504,8.503131634
5039,978.2,1.75,0.576,11.81873011
5052,978.2,2.0,0.0,9.096570313
5053,978.2,2.0,0.072,7.208151761
5054,978.2,2.0,0.144,3.329472819
5055,978.2,2.0,0.216,3.114366443
5056,978.2,2.0,0.288,3.114366443
5057,978.2,2.0,0.36,9.742071629
5058,978.2,2.0,0.432,6.745955446
5059,978.2,2.0,0.504,6.745955446
5060,978.2,2.0,0.576,10.12781921
5073,978.2,2.25,0.0,8.297358122
5074,978.2,2.25,0.072,5.500721648
5075,978.2,2.25,0.144,1.506172037
5076,978.2,2.25,0.216,1.26924521
5077,978.2,2.25,0.288,1.26924521
5078,978.2,2.25,0.36,7.964595532
5079,978.2,2.25,0.432,4.050567499
5080,978.2,2.25,0.504,4.050567499
5081,978.2,2.25,0.576,6.707309285
5094,978.2,2.5,0.0,8.032916057
5095,978.2,2.5,0.072,5.482288533
5096,978.2,2.5,0.144,1.487738922
5097,978.2,2.5,0.216,1.250812279
5098,978.2,2.5,0.288,1.250812279
5099,978.2,2.5,0.36,7.946162418
5100,978.2,2.5,0.432,4.032134384
5101,978.2,2.5,0.504,4.032134384
5102,978.2,2.5,0.576,6.68887617
5115,978.2,2.75,0.0,7.859399945
5116,978.2,2.75,0.072,5.389458245
5117,978.2,2.75,0.144,1.394909554
5118,978.2,2.75,0.216,1.129610464
5119,978.2,2.75,0.288,1.129610464
5120,978.2,2.75,0.36,7.861268210000001
5121,978.2,2.75,0.432,3.947238337
5122,978.2,2.75,0.504,3.947238337
5123,978.2,2.75,0.576,6.603981227
5136,978.2,3.0000000000000004,0.0,8.185597104
5137,978.2,3.0000000000000004,0.072,4.890439868
5138,978.2,3.0000000000000004,0.144,0.8958881399999999
5139,978.2,3.0000000000000004,0.216,0.018711081
5140,978.2,3.0000000000000004,0.288,0.018711081
5141,978.2,3.0000000000000004,0.36,6.750359637
5142,978.2,3.0000000000000004,0.432,2.749093414
5143,978.2,3.0000000000000004,0.504,2.749093414
5144,978.2,3.0000000000000004,0.576,5.405830967
5157,978.2,3.25,0.0,8.185597104
5158,978.2,3.25,0.072,4.890439868
5159,978.2,3.25,0.144,0.8958881399999999
5160,978.2,3.25,0.216,0.018711081
5161,978.2,3.25,0.288,0.018711081
5162,978.2,3.25,0.36,6.750359637
5163,978.2,3.25,0.432,2.749093414
5164,978.2,3.25,0.504,2.749093414
5165,978.2,3.25,0.576,5.405830967
5178,978.2,3.4999999999999996,0.0,8.185597104
5179,978.2,3.4999999999999996,0.072,4.890439868
5180,978.2,3.4999999999999996,0.144,0.8958881399999999
5181,978.2,3.4999999999999996,0.216,0.018711081
5182,978.2,3.4999999999999996,0.288,0.018711081
5183,978.2,3.4999999999999996,0.36,6.750359637
5184,978.2,3.4999999999999996,0.432,2.749093414
5185,978.2,3.4999999999999996,0.504,2.749093414
5186,978.2,3.4999999999999996,0.576,5.405830967
5199,978.2,3.75,0.0,8.185597104
5200,978.2,3.75,0.072,4.890439868
5201,978.2,3.75,0.144,0.8958881399999999
5202,978.2,3.75,0.216,0.018711081
5203,978.2,3.75,0.288,0.018711081
5204,978.2,3.75,0.36,6.750359637
5205,978.2,3.75,0.432,2.749093414
5206,978.2,3.75,0.504,2.749093414
5207,978.2,3.75,0.576,5.405830967
5220,978.2,4.0,0.0,7.002795628000001
5221,978.2,4.0,0.072,4.091804425
5222,978.2,4.0,0.144,0.019983443
5223,978.2,4.0,0.216,0.0
5224,978.2,4.0,0.288,0.0
5225,978.2,4.0,0.36,5.10857279
5226,978.2,4.0,0.432,1.107301139
5227,978.2,4.0,0.504,1.107301139
5228,978.2,4.0,0.576,3.532118936
5241,978.2,4.25,0.0,7.002795628000001
5242,978.2,4.25,0.072,4.091804425
5243,978.2,4.25,0.144,0.019983443
5244,978.2,4.25,0.216,0.0
5245,978.2,4.25,0.288,0.0
5246,978.2,4.25,0.36,5.10857279
5247,978.2,4.25,0.432,1.107301139
5248,978.2,4.25,0.504,1.107301139
5249,978.2,4.25,0.576,3.532118936
5262,978.2,4.499999999999999,0.0,7.002795628000001
5263,978.2,4.499999999999999,0.072,4.091804425
5264,978.2,4.499999999999999,0.144,0.019983443
5265,978.2,4.499999999999999,0.216,0.0
5266,978.2,4.499999999999999,0.288,0.0
5267,978.2,4.499999999999999,0.36,5.10857279
5268,978.2,4.499999999999999,0.432,1.107301139
5269,978.2,4.499999999999999,0.504,1.107301139
5270,978.2,4.499999999999999,0.576,3.532118936
5283,978.2,4.749999999999999,0.0,7.002795628000001
5284,978.2,4.749999999999999,0.072,4.091804425
5285,978.2,4.749999999999999,0.144,0.019983443
5286,978.2,4.749999999999999,0.216,0.0
5287,978.2,4.749999999999999,0.288,0.0
5288,978.2,4.749999999999999,0.36,5.10857279
5289,978.2,4.749999999999999,0.432,1.107301139
5290,978.2,4.749999999999999,0.504,1.107301139
5291,978.2,4.749999999999999,0.576,3.532118936
5304,978.2,5.0,0.0,6.249313256
5305,978.2,5.0,0.072,3.338327207
5306,978.2,5.0,0.144,0.0
5307,978.2,5.0,0.216,0.0
5308,978.2,5.0,0.288,0.0
5309,978.2,5.0,0.36,4.335356216
5310,978.2,5.0,0.432,0.334083346
5311,978.2,5.0,0.504,0.334083346
5312,978.2,5.0,0.576,2.758902914
5325,978.2,5.25,0.0,6.249313256
5326,978.2,5.25,0.072,3.338327207
5327,978.2,5.25,0.144,0.0
5328,978.2,5.25,0.216,0.0
5329,978.2,5.25,0.288,0.0
5330,978.2,5.25,0.36,4.335356216
5331,978.2,5.25,0.432,0.334083346
5332,978.2,5.25,0.504,0.334083346
5333,978.2,5.25,0.576,2.758902914
5346,978.2,5.5,0.0,6.249313256
5347,978.2,5.5,0.072,3.338327207
5348,978.2,5.5,0.144,0.0
5349,978.2,5.5,0.216,0.0
5350,978.2,5.5,0.288,0.0
5351,978.2,5.5,0.36,4.335356216
5352,978.2,5.5,0.432,0.334083346
5353,978.2,5.5,0.504,0.334083346
5354,978.2,5.5,0.576,2.758902914
5367,978.2,5.75,0.0,6.249313256
5368,978.2,5.75,0.072,3.338327207
5369,978.2,5.75,0.144,0.0
5370,978.2,5.75,0.216,0.0
5371,978.2,5.75,0.288,0.0
5372,978.2,5.75,0.36,4.335356216
5373,978.2,5.75,0.432,0.334083346
5374,978.2,5.75,0.504,0.334083346
5375,978.2,5.75,0.576,2.758902914
5388,978.2,6.000000000000001,0.0,6.249313256
5389,978.2,6.000000000000001,0.072,3.338327207
5390,978.2,6.000000000000001,0.144,0.0
5391,978.2,6.000000000000001,0.216,0.0
5392,978.2,6.000000000000001,0.288,0.0
5393,978.2,6.000000000000001,0.36,4.335356216
5394,978.2,6.000000000000001,0.432,0.334083346
5395,978.2,6.000000000000001,0.504,0.334083346
5396,978.2,6.000000000000001,0.576,2.758902914
5451,1001.4,1.5000000000000002,0.0,11.12509924
5452,1001.4,1.5000000000000002,0.072,9.274829966
5453,1001.4,1.5000000000000002,0.144,5.446810989
5454,1001.4,1.5000000000000002,0.216,5.165771317
5455,1001.4,1.5000000000000002,0.288,5.165771317
5456,1001.4,1.5000000000000002,0.36,11.79347319
5457,1001.4,1.5000000000000002,0.432,8.744801909
5458,1001.4,1.5000000000000002,0.504,8.744801909
5459,1001.4,1.5000000000000002,0.576,12.06040039
5472,1001.4,1.75,0.0,11.12509924
5473,1001.4,1.75,0.072,9.274829966
5474,1001.4,1.75,0.144,5.446810989
5475,1001.4,1.75,0.216,5.165771317
5476,1001.4,1.75,0.288,5.165771317
5477,1001.4,1.75,0.36,11.79347319
5478,1001.4,1.75,0.432,8.744801909
5479,1001.4,1.75,0.504,8.744801909
5480,1001.4,1.75,0.576,12.06040039
5493,1001.4,2.0,0.0,9.539842522
5494,1001.4,2.0,0.072,7.602970516999999
5495,1001.4,2.0,0.144,3.647479568
5496,1001.4,2.0,0.216,3.4323735609999995
5497,1001.4,2.0,0.288,3.4323735609999995
5498,1001.4,2.0,0.36,10.06007948
5499,1001.4,2.0,0.432,6.987628666000001
5500,1001.4,2.0,0.504,6.987628666000001
5501,1001.4,2.0,0.576,10.36948949
5514,1001.4,2.25,0.0,8.83391186
5515,1001.4,2.25,0.072,5.988819724
5516,1001.4,2.25,0.144,1.9174607750000001
5517,1001.4,2.25,0.216,1.68053588
5518,1001.4,2.25,0.288,1.68053588
5519,1001.4,2.25,0.36,8.375884914
5520,1001.4,2.25,0.432,4.385520038
5521,1001.4,2.25,0.504,4.385520038
5522,1001.4,2.25,0.576,7.042266241000001
5535,1001.4,2.5,0.0,8.569469795
5536,1001.4,2.5,0.072,5.970386609
5537,1001.4,2.5,0.144,1.899027844
5538,1001.4,2.5,0.216,1.66210295
5539,1001.4,2.5,0.288,1.66210295
5540,1001.4,2.5,0.36,8.3574518
5541,1001.4,2.5,0.432,4.367086923
5542,1001.4,2.5,0.504,4.367086923
5543,1001.4,2.5,0.576,7.023833126
5556,1001.4,2.75,0.0,8.395953682
5557,1001.4,2.75,0.072,5.877557057
5558,1001.4,2.75,0.144,1.806199028
5559,1001.4,2.75,0.216,1.540900674
5560,1001.4,2.75,0.288,1.540900674
5561,1001.4,2.75,0.36,8.272557592
5562,1001.4,2.75,0.432,4.282190876
5563,1001.4,2.75,0.504,4.282190876
5564,1001.4,2.75,0.576,6.93893671
5577,1001.4,3.0000000000000004,0.0,8.748752651
5578,1001.4,3.0000000000000004,0.072,5.405141225
5579,1001.4,3.0000000000000004,0.144,1.333779883
5580,1001.4,3.0000000000000004,0.216,0.456602098
5581,1001.4,3.0000000000000004,0.288,0.456602098
5582,1001.4,3.0000000000000004,0.36,7.188249356
5583,1001.4,3.0000000000000004,0.432,3.110646842
5584,1001.4,3.0000000000000004,0.504,3.110646842
5585,1001.4,3.0000000000000004,0.576,5.767385684
5598,1001.4,3.25,0.0,8.748752651
5599,1001.4,3.25,0.072,5.405141225
5600,1001.4,3.25,0.144,1.333779883
5601,1001.4,3.25,0.216,0.456602098
5602,1001.4,3.25,0.288,0.456602098
5603,1001.4,3.25,0.36,7.188249356
5604,1001.4,3.25,0.432,3.110646842
5605,1001.4,3.25,0.504,3.110646842
5606,1001.4,3.25,0.576,5.767385684
5619,1001.4,3.4999999999999996,0.0,8.748752651
5620,1001.4,3.4999999999999996,0.072,5.405141225
5621,1001.4,3.4999999999999996,0.144,1.333779883
5622,1001.4,3.4999999999999996,0.216,0.456602098
5623,1001.4,3.4999999999999996,0.288,0.456602098
5624,1001.4,3.4999999999999996,0.36,7.188249356
5625,1001.4,3.4999999999999996,0.432,3.110646842
5626,1001.4,3.4999999999999996,0.504,3.110646842
5627,1001.4,3.4999999999999996,0.576,5.767385684
5640,1001.4,3.75,0.0,8.748752651
5641,1001.4,3.75,0.072,5.405141225
5642,1001.4,3.75,0.144,1.333779883
5643,1001.4,3.75,0.216,0.456602098
5644,1001.4,3.75,0.288,0.456602098
5645,1001.4,3.75,0.36,7.188249356
5646,1001.4,3.75,0.432,3.110646842
5647,1001.4,3.75,0.504,3.110646842
5648,1001.4,3.75,0.576,5.767385684
5661,1001.4,4.0,0.0,7.613567662000001
5662,1001.4,4.0,0.072,4.654121535
5663,1001.4,4.0,0.144,0.505490183
5664,1001.4,4.0,0.216,0.0
5665,1001.4,4.0,0.288,0.0
5666,1001.4,4.0,0.36,5.594079365
5667,1001.4,4.0,0.432,1.516472435
5668,1001.4,4.0,0.504,1.516472435
5669,1001.4,4.0,0.576,3.9412897719999997
5682,1001.4,4.25,0.0,7.613567662000001
5683,1001.4,4.25,0.072,4.654121535
5684,1001.4,4.25,0.144,0.505490183
5685,1001.4,4.25,0.216,0.0
5686,1001.4,4.25,0.288,0.0
5687,1001.4,4.25,0.36,5.594079365
5688,1001.4,4.25,0.432,1.516472435
5689,1001.4,4.25,0.504,1.516472435
5690,1001.4,4.25,0.576,3.9412897719999997
5703,1001.4,4.499999999999999,0.0,7.613567662000001
5704,1001.4,4.499999999999999,0.072,4.654121535
5705,1001.4,4.499999999999999,0.144,0.505490183
5706,1001.4,4.499999999999999,0.216,0.0
5707,1001.4,4.499999999999999,0.288,0.0
5708,1001.4,4.499999999999999,0.36,5.594079365
5709,1001.4,4.499999999999999,0.432,1.516472435
5710,1001.4,4.499999999999999,0.504,1.516472435
5711,1001.4,4.499999999999999,0.576,3.9412897719999997
5724,1001.4,4.749999999999999,0.0,7.613567662000001
5725,1001.4,4.749999999999999,0.072,4.654121535
5726,1001.4,4.749999999999999,0.144,0.505490183
5727,1001.4,4.749999999999999,0.216,0.0
5728,1001.4,4.749999999999999,0.288,0.0
5729,1001.4,4.749999999999999,0.36,5.594079365
5730,1001.4,4.749999999999999,0.432,1.516472435
5731,1001.4,4.749999999999999,0.504,1.516472435
5732,1001.4,4.749999999999999,0.576,3.9412897719999997
5745,1001.4,5.0,0.0,6.860085290999999
5746,1001.4,5.0,0.072,3.90064358
5747,1001.4,5.0,0.144,0.0
5748,1001.4,5.0,0.216,0.0
5749,1001.4,5.0,0.288,0.0
5750,1001.4,5.0,0.36,4.820862791
5751,1001.4,5.0,0.432,0.743254573
5752,1001.4,5.0,0.504,0.743254573
5753,1001.4,5.0,0.576,3.168072094
5766,1001.4,5.25,0.0,6.860085290999999
5767,1001.4,5.25,0.072,3.90064358
5768,1001.4,5.25,0.144,0.0
5769,1001.4,5.25,0.216,0.0
5770,1001.4,5.25,0.288,0.0
5771,1001.4,5.25,0.36,4.820862791
5772,1001.4,5.25,0.432,0.743254573
5773,1001.4,5.25,0.504,0.743254573
5774,1001.4,5.25,0.576,3.168072094
5787,1001.4,5.5,0.0,6.860085290999999
5788,1001.4,5.5,0.072,3.90064358
5789,1001.4,5.5,0.144,0.0
5790,1001.4,5.5,0.216,0.0
5791,1001.4,5.5,0.288,0.0
5792,1001.4,5.5,0.36,4.820862791
5793,1001.4,5.5,0.432,0.743254573
5794,1001.4,5.5,0.504,0.743254573
5795,1001.4,5.5,0.576,3.168072094
5808,1001.4,5.75,0.0,6.860085290999999
5809,1001.4,5.75,0.072,3.90064358
5810,1001.4,5.75,0.144,0.0
5811,1001.4,5.75,0.216,0.0
5812,1001.4,5.75,0.288,0.0
5813,1001.4,5.75,0.36,4.820862791
5814,1001.4,5.75,0.432,0.743254573
5815,1001.4,5.75,0.504,0.743254573
5816,1001.4,5.75,0.576,3.168072094
5829,1001.4,6.000000000000001,0.0,6.860085290999999
5830,1001.4,6.000000000000001,0.072,3.90064358
5831,1001.4,6.000000000000001,0.144,0.0
5832,1001.4,6.000000000000001,0.216,0.0
5833,1001.4,6.000000000000001,0.288,0.0
5834,1001.4,6.000000000000001,0.36,4.820862791
5835,1001.4,6.000000000000001,0.432,0.743254573
5836,1001.4,6.000000000000001,0.504,0.743254573
5837,1001.4,6.000000000000001,0.576,3.168072094
5892,1024.6,1.5000000000000002,0.0,18.87784608
5893,1024.6,1.5000000000000002,0.072,17.10815369
5894,1024.6,1.5000000000000002,0.144,13.04080345
5895,1024.6,1.5000000000000002,0.216,12.82888998
5896,1024.6,1.5000000000000002,0.288,12.82888998
5897,1024.6,1.5000000000000002,0.36,19.34158677
5898,1024.6,1.5000000000000002,0.432,16.11897537
5899,1024.6,1.5000000000000002,0.504,16.11897537
5900,1024.6,1.5000000000000002,0.576,19.43458195
5913,1024.6,1.75,0.0,18.87784608
5914,1024.6,1.75,0.072,17.10815369
5915,1024.6,1.75,0.144,13.04080345
5916,1024.6,1.75,0.216,12.82888998
5917,1024.6,1.75,0.288,12.82888998
5918,1024.6,1.75,0.36,19.34158677
5919,1024.6,1.75,0.432,16.11897537
5920,1024.6,1.75,0.504,16.11897537
5921,1024.6,1.75,0.576,19.43458195
5934,1024.6,2.0,0.0,17.26818708
5935,1024.6,2.0,0.072,15.411896370000001
5936,1024.6,2.0,0.144,11.21708152
5937,1024.6,2.0,0.216,11.0711065
5938,1024.6,2.0,0.288,11.0711065
5939,1024.6,2.0,0.36,17.58379298
5940,1024.6,2.0,0.432,14.337402050000001
5941,1024.6,2.0,0.504,14.337402050000001
5942,1024.6,2.0,0.576,17.71927243
5955,1024.6,2.25,0.0,16.53584452
5956,1024.6,2.25,0.072,13.771352819999999
5957,1024.6,2.25,0.144,9.460659114
5958,1024.6,2.25,0.216,9.292862633
5959,1024.6,2.25,0.288,9.292862633
5960,1024.6,2.25,0.36,15.873190199999998
5961,1024.6,2.25,0.432,11.70888668
5962,1024.6,2.25,0.504,11.70888668
5963,1024.6,2.25,0.576,14.365639509999998
5976,1024.6,2.5,0.0,16.08872095
5977,1024.6,2.5,0.072,13.5702382
5978,1024.6,2.5,0.144,9.259543753
5979,1024.6,2.5,0.216,9.0917458
5980,1024.6,2.5,0.288,9.0917458
5981,1024.6,2.5,0.36,15.6720741
5982,1024.6,2.5,0.432,11.50777132
5983,1024.6,2.5,0.504,11.50777132
5984,1024.6,2.5,0.576,14.16452341
5997,1024.6,2.75,0.0,15.915204830000002
5998,1024.6,2.75,0.072,13.47741085
5999,1024.6,2.75,0.144,9.166715673
6000,1024.6,2.75,0.216,8.970544812
6001,1024.6,2.75,0.288,8.970544812
6002,1024.6,2.75,0.36,15.58717916
6003,1024.6,2.75,0.432,11.4228749
6004,1024.6,2.75,0.504,11.4228749
6005,1024.6,2.75,0.576,14.07962847
6018,1024.6,3.0000000000000004,0.0,16.00186352
6019,1024.6,3.0000000000000004,0.072,12.73884222
6020,1024.6,3.0000000000000004,0.144,8.428153664
6021,1024.6,3.0000000000000004,0.216,7.620108801
6022,1024.6,3.0000000000000004,0.288,7.620108801
6023,1024.6,3.0000000000000004,0.36,14.236752719999998
6024,1024.6,3.0000000000000004,0.432,9.985192055
6025,1024.6,3.0000000000000004,0.504,9.985192055
6026,1024.6,3.0000000000000004,0.576,12.64194856
6039,1024.6,3.25,0.0,16.00186352
6040,1024.6,3.25,0.072,12.73884222
6041,1024.6,3.25,0.144,8.428153664
6042,1024.6,3.25,0.216,7.620108801
6043,1024.6,3.25,0.288,7.620108801
6044,1024.6,3.25,0.36,14.236752719999998
6045,1024.6,3.25,0.432,9.985192055
6046,1024.6,3.25,0.504,9.985192055
6047,1024.6,3.25,0.576,12.64194856
6060,1024.6,3.4999999999999996,0.0,16.00186352
6061,1024.6,3.4999999999999996,0.072,12.73884222
6062,1024.6,3.4999999999999996,0.144,8.428153664
6063,1024.6,3.4999999999999996,0.216,7.620108801
6064,1024.6,3.4999999999999996,0.288,7.620108801
6065,1024.6,3.4999999999999996,0.36,14.236752719999998
6066,1024.6,3.4999999999999996,0.432,9.985192055
6067,1024.6,3.4999999999999996,0.504,9.985192055
6068,1024.6,3.4999999999999996,0.576,12.64194856
6081,1024.6,3.75,0.0,16.00186352
6082,1024.6,3.75,0.072,12.73884222
6083,1024.6,3.75,0.144,8.428153664
6084,1024.6,3.75,0.216,7.620108801
6085,1024.6,3.75,0.288,7.620108801
6086,1024.6,3.75,0.36,14.236752719999998
6087,1024.6,3.75,0.432,9.985192055
6088,1024.6,3.75,0.504,9.985192055
6089,1024.6,3.75,0.576,12.64194856
6102,1024.6,4.0,0.0,14.64792432
6103,1024.6,4.0,0.072,11.76905544
6104,1024.6,4.0,0.144,7.381099591000001
6105,1024.6,4.0,0.216,6.016338736
6106,1024.6,4.0,0.288,6.016338736
6107,1024.6,4.0,0.36,12.42381932
6108,1024.6,4.0,0.432,8.172252768
6109,1024.6,4.0,0.504,8.172252768
6110,1024.6,4.0,0.576,10.59707489
6123,1024.6,4.25,0.0,14.64792432
6124,1024.6,4.25,0.072,11.76905544
6125,1024.6,4.25,0.144,7.381099591000001
6126,1024.6,4.25,0.216,6.016338736
6127,1024.6,4.25,0.288,6.016338736
6128,1024.6,4.25,0.36,12.42381932
6129,1024.6,4.25,0.432,8.172252768
6130,1024.6,4.25,0.504,8.172252768
6131,1024.6,4.25,0.576,10.59707489
6144,1024.6,4.499999999999999,0.0,14.64792432
6145,1024.6,4.499999999999999,0.072,11.76905544
6146,1024.6,4.499999999999999,0.144,7.381099591000001
6147,1024.6,4.499999999999999,0.216,6.016338736
6148,1024.6,4.499999999999999,0.288,6.016338736
6149,1024.6,4.499999999999999,0.36,12.42381932
6150,1024.6,4.499999999999999,0.432,8.172252768
6151,1024.6,4.499999999999999,0.504,8.172252768
6152,1024.6,4.499999999999999,0.576,10.59707489
6165,1024.6,4.749999999999999,0.0,14.64792432
6166,1024.6,4.749999999999999,0.072,11.76905544
6167,1024.6,4.749999999999999,0.144,7.381099591000001
6168,1024.6,4.749999999999999,0.216,6.016338736
6169,1024.6,4.749999999999999,0.288,6.016338736
6170,1024.6,4.749999999999999,0.36,12.42381932
6171,1024.6,4.749999999999999,0.432,8.172252768
6172,1024.6,4.749999999999999,0.504,8.172252768
6173,1024.6,4.749999999999999,0.576,10.59707489
6186,1024.6,5.0,0.0,13.89444784
6187,1024.6,5.0,0.072,11.01557307
6188,1024.6,5.0,0.144,6.627617219
6189,1024.6,5.0,0.216,5.243118849
6190,1024.6,5.0,0.288,5.243118849
6191,1024.6,5.0,0.36,11.65059649
6192,1024.6,5.0,0.432,7.399032146000001
6193,1024.6,5.0,0.504,7.399032146000001
6194,1024.6,5.0,0.576,9.823854268
6207,1024.6,5.25,0.0,13.89444784
6208,1024.6,5.25,0.072,11.01557307
6209,1024.6,5.25,0.144,6.627617219
6210,1024.6,5.25,0.216,5.243118849
6211,1024.6,5.25,0.288,5.243118849
6212,1024.6,5.25,0.36,11.65059649
6213,1024.6,5.25,0.432,7.399032146000001
6214,1024.6,5.25,0.504,7.399032146000001
6215,1024.6,5.25,0.576,9.823854268
6228,1024.6,5.5,0.0,13.89444784
6229,1024.6,5.5,0.072,11.01557307
6230,1024.6,5.5,0.144,6.627617219
6231,1024.6,5.5,0.216,5.243118849
6232,1024.6,5.5,0.288,5.243118849
6233,1024.6,5.5,0.36,11.65059649
6234,1024.6,5.5,0.432,7.399032146000001
6235,1024.6,5.5,0.504,7.399032146000001
6236,1024.6,5.5,0.576,9.823854268
6249,1024.6,5.75,0.0,13.89444784
6250,1024.6,5.75,0.072,11.01557307
6251,1024.6,5.75,0.144,6.627617219
6252,1024.6,5.75,0.216,5.243118849
6253,1024.6,5.75,0.288,5.243118849
6254,1024.6,5.75,0.36,11.65059649
6255,1024.6,5.75,0.432,7.399032146000001
6256,1024.6,5.75,0.504,7.399032146000001
6257,1024.6,5.75,0.576,9.823854268
6270,1024.6,6.000000000000001,0.0,13.89444784
6271,1024.6,6.000000000000001,0.072,11.01557307
6272,1024.6,6.000000000000001,0.144,6.627617219
6273,1024.6,6.000000000000001,0.216,5.243118849
6274,1024.6,6.000000000000001,0.288,5.243118849
6275,1024.6,6.000000000000001,0.36,11.65059649
6276,1024.6,6.000000000000001,0.432,7.399032146000001
6277,1024.6,6.000000000000001,0.504,7.399032146000001
6278,1024.6,6.000000000000001,0.576,9.823854268
