Mg_C_mol%,Na_C_mol%,Ce_C_mol%,La_C_mol%,Mn_C_mol%,W_C_mol%,Zr_C_mol%,Ti_C_mol%,P_A_mol%,S_A_mol%,Si_S_mol%,Mg_S_mol%,C_S_mol%,Ti_S_mol%,Preparation,Temperature,p(CH4)/p(O2),p total,Contact time,Y(C2)
0.0,33.2,0.0,0.0,66.3,0.5,0.0,0.0,0.0,0.0,0.0,0.0,0.0,0.0,0,1089,2.0,1.0,3.0,18.0
0.0,8.9,0.0,0.0,3.5,4.5,0.0,0.0,0.0,0.0,83.1,0.0,0.0,0.0,1,973,4.0,1.0,1.33,25.2
0.0,2.1,0.0,0.0,2.25,1.05,0.0,0.0,0.0,0.0,94.6,0.0,0.0,0.0,1,1092,2.1,1.0,0.15,17.8
0.0,2.1,0.0,0.0,2.25,1.05,0.0,0.0,0.0,0.0,94.6,0.0,0.0,0.0,1,1124,2.2,1.0,0.15,18.0
0.0,2.1,0.0,0.0,2.25,1.05,0.0,0.0,0.0,0.0,94.6,0.0,0.0,0.0,1,1175,2.0,1.0,0.15,23.9
0.0,2.1,0.0,0.0,2.25,1.05,0.0,0.0,0.0,0.0,94.6,0.0,0.0,0.0,1,1123,2.7,1.0,0.15,17.0
0.0,2.1,0.0,0.0,2.25,1.05,0.0,0.0,0.0,0.0,94.6,0.0,0.0,0.0,1,1151,2.7,1.0,0.15,19.5
0.0,2.1,0.0,0.0,2.25,1.05,0.0,0.0,0.0,0.0,94.6,0.0,0.0,0.0,1,1172,3.0,1.0,0.15,22.9
0.0,2.1,0.0,0.0,2.25,1.05,0.0,0.0,0.0,0.0,94.6,0.0,0.0,0.0,1,1182,3.0,1.0,0.15,23.8
0.0,2.1,0.0,0.0,2.25,1.05,0.0,0.0,0.0,0.0,94.6,0.0,0.0,0.0,1,1181,2.7,1.0,0.15,24.7
0.0,13.8,0.0,0.0,1.5,0.7,2.2,0.0,0.7,3.6,77.5,0.0,0.0,0.0,1,1023,3.0,1.0,0.75,23.5
0.0,13.8,0.0,0.0,1.5,0.7,2.2,0.0,0.0,3.6,78.2,0.0,0.0,0.0,1,1023,3.0,1.0,0.75,18.0
0.0,13.8,0.0,0.0,1.5,0.7,2.2,0.0,0.7,0.0,81.1,0.0,0.0,0.0,1,1023,3.0,1.0,0.75,16.0
0.0,13.8,0.0,0.0,1.5,0.7,2.2,0.0,0.0,0.0,81.8,0.0,0.0,0.0,1,1023,3.0,1.0,0.75,10.0
0.0,13.72,0.0,0.0,1.51,0.73,2.31,0.0,0.71,3.45,77.57,0.0,0.0,0.0,1,1023,3.0,1.0,0.23,6.3
0.0,8.9,0.0,0.0,3.5,4.5,0.0,0.0,0.0,0.0,83.1,0.0,0.0,0.0,1,1093,4.0,1.0,0.12,15.5
0.0,2.08,0.0,0.0,2.23,1.04,0.0,0.0,0.0,0.0,94.65,0.0,0.0,0.0,1,1121,2.2,1.0,0.02,16.0
0.0,2.08,0.0,0.0,2.23,1.04,0.0,0.0,0.0,0.0,94.65,0.0,0.0,0.0,1,1152,2.2,1.0,0.02,20.0
0.0,2.08,0.0,0.0,2.23,1.04,0.0,0.0,0.0,0.0,94.65,0.0,0.0,0.0,1,1185,2.4,1.0,0.02,22.0
0.0,2.08,0.0,0.0,2.23,1.04,0.0,0.0,0.0,0.0,94.65,0.0,0.0,0.0,1,1004,1.9,1.0,0.04,2.6
0.0,2.08,0.0,0.0,2.23,1.04,0.0,0.0,0.0,0.0,94.65,0.0,0.0,0.0,1,1056,1.8,1.0,0.04,10.4
0.0,2.08,0.0,0.0,2.23,1.04,0.0,0.0,0.0,0.0,94.65,0.0,0.0,0.0,1,1153,1.9,1.0,0.04,22.1
0.0,2.08,0.0,0.0,2.23,1.04,0.0,0.0,0.0,0.0,94.65,0.0,0.0,0.0,1,1175,1.8,1.0,0.05,21.2
0.0,2.08,0.0,0.0,2.23,1.04,0.0,0.0,0.0,0.0,94.65,0.0,0.0,0.0,1,1121,2.2,1.0,0.05,15.9
0.0,2.08,0.0,0.0,2.23,1.04,0.0,0.0,0.0,0.0,94.65,0.0,0.0,0.0,1,1152,2.2,1.0,0.05,20.0
0.0,2.08,0.0,0.0,2.23,1.04,0.0,0.0,0.0,0.0,94.65,0.0,0.0,0.0,1,1185,2.4,1.0,0.05,21.6
0.0,13.72,0.0,0.0,1.51,0.73,2.31,0.0,0.71,3.45,77.57,0.0,0.0,0.0,1,1023,3.0,1.0,0.23,23.6
0.0,13.72,0.0,0.0,1.51,0.73,2.31,0.0,0.71,3.45,77.57,0.0,0.0,0.0,1,1023,3.0,1.0,0.23,25.2
0.0,13.72,0.0,0.0,1.51,0.73,2.31,0.0,0.71,3.45,77.57,0.0,0.0,0.0,1,1023,3.0,1.0,0.23,24.8
0.0,13.72,0.0,0.0,1.51,0.73,2.31,0.0,0.71,3.45,77.57,0.0,0.0,0.0,1,1023,3.0,1.0,0.23,14.9
0.0,13.72,0.0,0.0,1.51,0.73,2.31,0.0,0.71,3.45,77.57,0.0,0.0,0.0,1,1023,3.0,1.0,0.23,23.1
0.0,2.08,0.0,0.0,2.23,1.04,0.0,0.0,0.0,0.0,94.65,0.0,0.0,0.0,1,1083,4.9,1.0,0.04,12.2
0.0,1.51,0.0,0.0,2.46,0.75,0.0,0.0,0.0,0.0,95.29,0.0,0.0,0.0,1,1023,1.6,1.0,0.0,5.2
0.0,86.89,0.0,0.0,2.5,0.0,0.0,0.0,5.95,4.67,0.0,0.0,0.0,0.0,1,1069,0.3,1.0,0.19,8.4
0.0,86.3,0.0,0.0,2.38,1.8,0.0,0.0,5.71,3.81,0.0,0.0,0.0,0.0,1,1069,0.3,1.0,0.18,8.2
0.0,82.71,0.0,0.0,2.25,1.27,0.0,0.0,5.36,8.42,0.0,0.0,0.0,0.0,1,1069,0.3,1.0,0.18,8.1
0.0,81.28,0.0,0.0,3.84,1.08,7.91,0.0,2.29,3.59,0.0,0.0,0.0,0.0,1,1069,0.3,1.0,0.17,7.9
0.0,78.64,0.0,0.0,0.0,1.15,0.0,0.0,4.88,15.32,0.0,0.0,0.0,0.0,1,1069,0.3,1.0,0.19,7.4
0.0,76.43,0.0,0.0,0.89,1.0,0.0,0.0,8.44,13.25,0.0,0.0,0.0,0.0,1,1069,0.3,1.0,0.19,7.8
0.0,75.76,0.0,0.0,2.72,0.51,7.46,0.0,0.0,13.55,0.0,0.0,0.0,0.0,1,1069,0.3,1.0,0.18,7.5
0.0,75.64,0.0,0.0,0.83,1.41,5.75,0.0,2.77,13.6,0.0,0.0,0.0,0.0,1,1069,0.3,1.0,0.18,12.5
0.0,74.79,0.0,0.0,0.0,1.48,10.8,0.0,3.12,9.81,0.0,0.0,0.0,0.0,1,1069,0.3,1.0,0.18,7.5
0.0,71.74,0.0,0.0,2.08,2.35,8.59,0.0,7.45,7.8,0.0,0.0,0.0,0.0,1,1069,0.3,1.0,0.17,8.4
0.0,69.71,0.0,0.0,2.37,1.78,0.0,0.0,13.19,12.95,0.0,0.0,0.0,0.0,1,1069,0.3,1.0,0.18,12.0
0.0,69.7,0.0,0.0,1.09,0.31,13.49,0.0,5.2,10.21,0.0,0.0,0.0,0.0,1,1069,0.3,1.0,0.18,7.8
0.0,69.67,0.0,0.0,3.1,1.31,12.76,0.0,7.37,5.79,0.0,0.0,0.0,0.0,1,1069,0.3,1.0,0.17,7.8
0.0,67.25,0.0,0.0,0.79,0.0,26.05,0.0,0.0,5.91,0.0,0.0,0.0,0.0,1,1069,0.3,1.0,0.16,8.4
0.0,66.97,0.0,0.0,0.79,1.79,19.64,0.0,1.89,8.91,0.0,0.0,0.0,0.0,1,1069,0.3,1.0,0.17,7.9
0.0,66.36,0.0,0.0,0.98,1.65,8.06,0.0,4.66,18.29,0.0,0.0,0.0,0.0,1,1069,0.3,1.0,0.18,8.0
0.0,65.57,0.0,0.0,2.55,0.0,13.99,0.0,2.02,15.87,0.0,0.0,0.0,0.0,1,1069,0.3,1.0,0.18,8.2
0.0,64.0,0.0,0.0,0.0,0.68,19.8,0.0,4.29,11.23,0.0,0.0,0.0,0.0,1,1069,0.3,1.0,0.17,7.2
0.0,62.68,0.0,0.0,5.98,3.37,0.0,0.0,0.0,27.97,0.0,0.0,0.0,0.0,1,1069,0.3,1.0,0.18,10.9
0.0,60.37,0.0,0.0,0.0,2.22,32.49,0.0,0.0,4.92,0.0,0.0,0.0,0.0,1,1069,0.3,1.0,0.15,7.8
0.0,58.87,0.0,0.0,0.0,0.0,11.69,0.0,13.52,15.92,0.0,0.0,0.0,0.0,1,1069,0.3,1.0,0.18,8.2
0.0,57.8,0.0,0.0,2.74,1.54,22.56,0.0,0.0,15.36,0.0,0.0,0.0,0.0,1,1069,0.3,1.0,0.16,7.8
0.0,56.02,0.0,0.0,3.29,0.46,27.09,0.0,3.91,9.22,0.0,0.0,0.0,0.0,1,1069,0.3,1.0,0.16,8.4
0.0,54.85,0.0,0.0,3.55,0.0,21.96,0.0,6.35,13.29,0.0,0.0,0.0,0.0,1,1069,0.3,1.0,0.17,8.4
0.0,52.0,0.0,0.0,6.57,6.79,20.22,0.0,3.65,10.76,0.0,0.0,0.0,0.0,1,1069,0.3,1.0,0.15,17.2
0.0,49.2,0.0,0.0,3.07,0.56,33.71,0.0,9.75,3.71,0.0,0.0,0.0,0.0,1,1069,0.3,1.0,0.15,18.8
0.0,49.2,0.0,0.0,3.07,0.56,33.71,0.0,9.75,3.71,0.0,0.0,0.0,0.0,1,1069,0.3,1.0,0.15,7.4
0.0,48.55,0.0,0.0,3.0,2.25,32.94,0.0,9.52,3.74,0.0,0.0,0.0,0.0,1,1069,0.3,1.0,0.15,13.7
0.0,44.18,0.0,0.0,1.93,1.09,31.8,0.0,13.79,7.22,0.0,0.0,0.0,0.0,1,1069,0.3,1.0,0.15,12.5
0.0,41.35,0.0,0.0,2.17,1.84,35.81,0.0,2.59,16.25,0.0,0.0,0.0,0.0,1,1069,0.3,1.0,0.15,13.0
0.0,39.42,0.0,0.0,4.42,1.66,36.45,0.0,7.02,11.03,0.0,0.0,0.0,0.0,1,1069,0.3,1.0,0.15,14.9
0.0,39.42,0.0,0.0,4.42,1.66,36.45,0.0,7.02,11.03,0.0,0.0,0.0,0.0,1,1080,0.3,1.0,0.15,12.6
0.0,39.42,0.0,0.0,4.42,1.66,36.45,0.0,7.02,11.03,0.0,0.0,0.0,0.0,1,1095,0.3,1.0,0.15,13.6
0.0,39.42,0.0,0.0,4.42,1.66,36.45,0.0,7.02,11.03,0.0,0.0,0.0,0.0,1,1105,0.3,1.0,0.15,14.6
0.0,39.42,0.0,0.0,4.42,1.66,36.45,0.0,7.02,11.03,0.0,0.0,0.0,0.0,1,1115,0.3,1.0,0.15,12.5
0.0,39.42,0.0,0.0,4.42,1.66,36.45,0.0,7.02,11.03,0.0,0.0,0.0,0.0,1,1130,0.3,1.0,0.15,10.8
0.0,35.81,0.0,0.0,9.07,2.84,37.22,0.0,11.76,3.3,0.0,0.0,0.0,0.0,1,1069,0.3,1.0,0.14,18.5
0.0,13.72,0.0,0.0,1.51,0.73,2.31,0.0,0.71,3.45,77.57,0.0,0.0,0.0,1,1023,3.0,1.0,0.23,16.0
0.0,8.9,0.0,0.0,3.5,4.5,0.0,0.0,0.0,0.0,83.1,0.0,0.0,0.0,1,1023,8.1,1.0,0.04,10.8
0.0,8.9,0.0,0.0,3.5,4.5,0.0,0.0,0.0,0.0,83.1,0.0,0.0,0.0,1,1073,3.2,1.0,0.14,19.6
0.0,8.9,0.0,0.0,3.5,4.5,0.0,0.0,0.0,0.0,83.1,0.0,0.0,0.0,1,1073,2.5,1.0,0.11,19.2
0.0,8.9,0.0,0.0,3.5,4.5,0.0,0.0,0.0,0.0,83.1,0.0,0.0,0.0,1,1093,4.0,1.0,0.12,20.7
0.0,8.9,0.0,0.0,3.5,4.5,0.0,0.0,0.0,0.0,83.1,0.0,0.0,0.0,1,973,2.0,1.0,0.22,17.5
0.0,8.9,0.0,0.0,3.5,4.5,0.0,0.0,0.0,0.0,83.1,0.0,0.0,0.0,1,1073,2.0,1.0,0.27,20.7
0.0,6.16,0.0,0.0,24.7,3.08,0.0,0.0,0.0,0.0,66.06,0.0,0.0,0.0,1,973,3.0,1.0,0.07,3.5
0.0,5.67,0.0,0.0,22.74,2.84,0.0,0.0,0.0,0.0,68.76,0.0,0.0,0.0,1,973,3.0,1.0,0.07,3.5
0.0,5.18,0.0,0.0,20.77,2.59,0.0,0.0,0.0,0.0,71.46,0.0,0.0,0.0,1,973,3.0,1.0,0.07,4.8
0.0,4.68,0.0,0.0,18.79,2.34,0.0,0.0,0.0,0.0,74.18,0.0,0.0,0.0,1,973,3.0,1.0,0.07,5.0
0.0,4.18,0.0,0.0,16.78,2.09,0.0,0.0,0.0,0.0,76.94,0.0,0.0,0.0,1,973,3.0,1.0,0.07,6.8
0.0,3.68,0.0,0.0,14.75,1.84,0.0,0.0,0.0,0.0,79.73,0.0,0.0,0.0,1,973,3.0,1.0,0.07,8.2
0.0,3.62,0.0,0.0,1.62,0.68,0.0,0.0,0.0,0.0,94.07,0.0,0.0,0.0,1,873,6.0,0.4,0.23,0.0
0.0,3.62,0.0,0.0,1.62,0.68,0.0,0.0,0.0,0.0,94.07,0.0,0.0,0.0,1,923,6.0,0.4,0.23,0.0
0.0,3.62,0.0,0.0,1.62,0.68,0.0,0.0,0.0,0.0,94.07,0.0,0.0,0.0,1,948,6.0,0.4,0.23,1.9
0.0,3.62,0.0,0.0,1.62,0.68,0.0,0.0,0.0,0.0,94.07,0.0,0.0,0.0,1,973,6.0,0.4,0.23,16.7
0.0,3.62,0.0,0.0,1.62,0.68,0.0,0.0,0.0,0.0,94.07,0.0,0.0,0.0,1,873,6.0,0.4,0.25,0.0
0.0,3.62,0.0,0.0,1.62,0.68,0.0,0.0,0.0,0.0,94.07,0.0,0.0,0.0,1,923,6.0,0.4,0.25,0.1
0.0,3.62,0.0,0.0,1.62,0.68,0.0,0.0,0.0,0.0,94.07,0.0,0.0,0.0,1,948,6.0,0.4,0.25,2.1
0.0,3.62,0.0,0.0,1.62,0.68,0.0,0.0,0.0,0.0,94.07,0.0,0.0,0.0,1,973,6.0,0.4,0.25,14.5
0.0,3.62,0.0,0.0,1.62,0.68,0.0,0.0,0.0,0.0,94.07,0.0,0.0,0.0,1,983,6.0,0.4,0.25,15.7
0.0,3.62,0.0,0.0,1.62,0.68,0.0,0.0,0.0,0.0,94.07,0.0,0.0,0.0,1,988,6.0,0.4,0.25,16.4
0.0,3.62,0.0,0.0,1.62,0.68,0.0,0.0,0.0,0.0,94.07,0.0,0.0,0.0,1,873,6.0,0.4,0.28,0.0
0.0,3.62,0.0,0.0,1.62,0.68,0.0,0.0,0.0,0.0,94.07,0.0,0.0,0.0,1,923,6.0,0.4,0.28,0.0
0.0,3.62,0.0,0.0,1.62,0.68,0.0,0.0,0.0,0.0,94.07,0.0,0.0,0.0,1,948,6.0,0.4,0.28,1.8
0.0,3.62,0.0,0.0,1.62,0.68,0.0,0.0,0.0,0.0,94.07,0.0,0.0,0.0,1,973,6.0,0.4,0.28,4.9
0.0,3.62,0.0,0.0,1.62,0.68,0.0,0.0,0.0,0.0,94.07,0.0,0.0,0.0,1,983,6.0,0.4,0.28,15.3
0.0,3.62,0.0,0.0,1.62,0.68,0.0,0.0,0.0,0.0,94.07,0.0,0.0,0.0,1,998,6.0,0.4,0.28,16.3
0.0,3.62,0.0,0.0,1.62,0.68,0.0,0.0,0.0,0.0,94.07,0.0,0.0,0.0,1,873,3.0,0.3,0.23,0.0
0.0,3.62,0.0,0.0,1.62,0.68,0.0,0.0,0.0,0.0,94.07,0.0,0.0,0.0,1,923,3.0,0.3,0.23,0.0
0.0,3.62,0.0,0.0,1.62,0.68,0.0,0.0,0.0,0.0,94.07,0.0,0.0,0.0,1,948,3.0,0.3,0.23,0.3
0.0,3.62,0.0,0.0,1.62,0.68,0.0,0.0,0.0,0.0,94.07,0.0,0.0,0.0,1,973,3.0,0.3,0.23,23.6
0.0,3.62,0.0,0.0,1.62,0.68,0.0,0.0,0.0,0.0,94.07,0.0,0.0,0.0,1,948,3.0,0.3,0.23,0.6
0.0,3.62,0.0,0.0,1.62,0.68,0.0,0.0,0.0,0.0,94.07,0.0,0.0,0.0,1,973,3.0,0.3,0.23,23.9
0.0,3.62,0.0,0.0,1.62,0.68,0.0,0.0,0.0,0.0,94.07,0.0,0.0,0.0,1,948,3.0,0.3,0.23,1.6
0.0,3.62,0.0,0.0,1.62,0.68,0.0,0.0,0.0,0.0,94.07,0.0,0.0,0.0,1,973,3.0,0.3,0.23,3.4
0.0,3.62,0.0,0.0,1.62,0.68,0.0,0.0,0.0,0.0,94.07,0.0,0.0,0.0,1,1003,3.0,0.3,0.23,24.3
0.0,3.62,0.0,0.0,1.62,0.68,0.0,0.0,0.0,0.0,94.07,0.0,0.0,0.0,1,1008,3.0,0.3,0.23,24.7
0.0,3.62,0.0,0.0,1.62,0.68,0.0,0.0,0.0,0.0,94.07,0.0,0.0,0.0,1,873,3.0,0.2,0.28,0.0
0.0,3.62,0.0,0.0,1.62,0.68,0.0,0.0,0.0,0.0,94.07,0.0,0.0,0.0,1,923,3.0,0.2,0.28,0.0
0.0,3.62,0.0,0.0,1.62,0.68,0.0,0.0,0.0,0.0,94.07,0.0,0.0,0.0,1,973,3.0,0.2,0.28,0.6
0.0,3.62,0.0,0.0,1.62,0.68,0.0,0.0,0.0,0.0,94.07,0.0,0.0,0.0,1,1008,3.0,0.2,0.28,23.7
0.0,3.62,0.0,0.0,1.62,0.68,0.0,0.0,0.0,0.0,94.07,0.0,0.0,0.0,1,873,4.0,0.2,0.28,0.0
0.0,3.62,0.0,0.0,1.62,0.68,0.0,0.0,0.0,0.0,94.07,0.0,0.0,0.0,1,923,4.0,0.2,0.28,0.0
0.0,3.62,0.0,0.0,1.62,0.68,0.0,0.0,0.0,0.0,94.07,0.0,0.0,0.0,1,973,4.0,0.2,0.28,1.5
0.0,3.62,0.0,0.0,1.62,0.68,0.0,0.0,0.0,0.0,94.07,0.0,0.0,0.0,1,1008,4.0,0.2,0.28,6.0
0.0,3.62,0.0,0.0,1.62,0.68,0.0,0.0,0.0,0.0,94.07,0.0,0.0,0.0,1,1023,4.0,0.2,0.28,23.0
0.0,3.62,0.0,0.0,1.62,0.68,0.0,0.0,0.0,0.0,94.07,0.0,0.0,0.0,1,873,6.0,0.2,0.28,0.0
0.0,3.62,0.0,0.0,1.62,0.68,0.0,0.0,0.0,0.0,94.07,0.0,0.0,0.0,1,923,6.0,0.2,0.28,0.0
0.0,3.62,0.0,0.0,1.62,0.68,0.0,0.0,0.0,0.0,94.07,0.0,0.0,0.0,1,973,6.0,0.2,0.28,0.5
0.0,3.62,0.0,0.0,1.62,0.68,0.0,0.0,0.0,0.0,94.07,0.0,0.0,0.0,1,1008,6.0,0.2,0.28,4.5
0.0,3.62,0.0,0.0,1.62,0.68,0.0,0.0,0.0,0.0,94.07,0.0,0.0,0.0,1,1023,6.0,0.2,0.28,7.1
0.0,3.62,0.0,0.0,1.62,0.68,0.0,0.0,0.0,0.0,94.07,0.0,0.0,0.0,1,1048,6.0,0.2,0.28,21.2
0.0,3.62,0.0,0.0,1.62,0.68,0.0,0.0,0.0,0.0,94.07,0.0,0.0,0.0,1,1123,3.0,1.0,0.9,21.1
0.0,3.62,0.0,0.0,1.62,0.68,0.0,0.0,0.0,0.0,94.07,0.0,0.0,0.0,1,1123,4.0,1.0,0.9,18.6
0.0,3.62,0.0,0.0,1.62,0.68,0.0,0.0,0.0,0.0,94.07,0.0,0.0,0.0,1,1123,5.0,1.0,0.9,16.3
0.0,3.62,0.0,0.0,1.62,0.68,0.0,0.0,0.0,0.0,94.07,0.0,0.0,0.0,1,1123,6.0,1.0,0.9,14.7
0.0,3.62,0.0,0.0,1.62,0.68,0.0,0.0,0.0,0.0,94.07,0.0,0.0,0.0,1,1048,4.0,1.0,0.9,9.4
0.0,3.62,0.0,0.0,1.62,0.68,0.0,0.0,0.0,0.0,94.07,0.0,0.0,0.0,1,1073,4.0,1.0,0.9,13.0
0.0,3.62,0.0,0.0,1.62,0.68,0.0,0.0,0.0,0.0,94.07,0.0,0.0,0.0,1,1098,4.0,1.0,0.9,16.0
0.0,3.17,0.0,0.0,12.71,1.58,0.0,0.0,0.0,0.0,82.54,0.0,0.0,0.0,1,973,3.0,1.0,0.07,9.5
0.0,2.77,0.0,0.0,1.03,1.39,0.0,0.0,0.0,0.0,0.0,0.0,0.0,94.81,1,1023,4.0,1.0,0.01,3.2
0.0,2.77,0.0,0.0,1.03,1.39,0.0,0.0,0.0,0.0,0.0,0.0,0.0,94.81,1,1023,4.0,1.0,0.01,1.6
0.0,2.65,0.0,0.0,10.64,1.33,0.0,0.0,0.0,0.0,85.38,0.0,0.0,0.0,1,973,3.0,1.0,0.07,12.1
0.0,2.62,0.0,0.0,2.19,0.98,0.0,0.0,0.0,0.0,94.21,0.0,0.0,0.0,1,1021,4.0,1.2,0.95,1.0
0.0,2.62,0.0,0.0,2.19,0.98,0.0,0.0,0.0,0.0,94.21,0.0,0.0,0.0,1,1031,4.0,1.2,0.95,1.4
0.0,2.62,0.0,0.0,2.19,0.98,0.0,0.0,0.0,0.0,94.21,0.0,0.0,0.0,1,1041,4.0,1.2,0.95,2.0
0.0,2.62,0.0,0.0,2.19,0.98,0.0,0.0,0.0,0.0,94.21,0.0,0.0,0.0,1,1052,4.0,1.2,0.95,2.7
0.0,2.62,0.0,0.0,2.19,0.98,0.0,0.0,0.0,0.0,94.21,0.0,0.0,0.0,1,1061,4.0,1.2,0.95,4.1
0.0,2.62,0.0,0.0,2.19,0.98,0.0,0.0,0.0,0.0,94.21,0.0,0.0,0.0,1,1071,4.0,1.2,0.95,5.5
0.0,2.15,0.0,0.0,1.08,1.08,0.0,0.0,0.0,0.0,95.7,0.0,0.0,0.0,1,1073,5.0,1.0,0.13,23.4
0.0,2.15,0.0,0.0,1.08,1.08,0.0,0.0,0.0,0.0,95.7,0.0,0.0,0.0,1,1073,4.8,1.0,0.13,20.1
0.0,2.13,0.0,0.0,8.55,1.07,0.0,0.0,0.0,0.0,88.25,0.0,0.0,0.0,1,973,3.0,1.0,0.07,11.2
0.0,2.13,0.0,0.0,8.55,1.07,0.0,0.0,0.0,0.0,88.25,0.0,0.0,0.0,1,973,3.0,1.0,0.21,8.0
0.0,2.13,0.0,0.0,8.55,1.07,0.0,0.0,0.0,0.0,88.25,0.0,0.0,0.0,1,973,3.0,1.0,0.42,18.0
0.0,2.13,0.0,0.0,8.55,1.07,0.0,0.0,0.0,0.0,88.25,0.0,0.0,0.0,1,973,3.0,1.0,0.64,18.5
0.0,2.13,0.0,0.0,8.55,1.07,0.0,0.0,0.0,0.0,88.25,0.0,0.0,0.0,1,973,3.0,1.0,1.06,17.2
0.0,2.13,0.0,0.0,8.55,1.07,0.0,0.0,0.0,0.0,88.25,0.0,0.0,0.0,1,973,3.0,1.0,2.12,14.7
0.0,2.11,0.0,0.0,0.79,1.06,0.0,0.0,0.0,0.0,96.05,0.0,0.0,0.0,1,1023,4.0,1.0,0.02,4.1
0.0,2.11,0.0,0.0,0.79,1.06,0.0,0.0,0.0,0.0,96.05,0.0,0.0,0.0,1,1023,4.0,1.0,0.01,2.3
0.0,2.11,0.0,0.0,0.79,1.06,0.0,0.0,0.0,0.0,96.05,0.0,0.0,0.0,1,1098,2.5,1.0,0.01,19.1
0.0,2.11,0.0,0.0,0.79,1.06,0.0,0.0,0.0,0.0,96.05,0.0,0.0,0.0,1,1098,2.5,1.0,0.01,20.6
0.0,2.11,0.0,0.0,0.79,1.06,0.0,0.0,0.0,0.0,96.05,0.0,0.0,0.0,1,1098,3.0,1.0,0.01,16.0
0.0,2.1,0.0,0.0,1.1,1.0,0.0,0.0,0.0,0.0,95.8,0.0,0.0,0.0,1,1073,3.0,1.0,0.1,19.1
0.0,2.08,0.0,0.0,4.44,1.04,0.0,0.0,0.0,0.0,92.44,0.0,0.0,0.0,1,1123,5.0,0.9,0.0,8.6
0.0,2.08,0.0,0.0,4.44,1.04,0.0,0.0,0.0,0.0,92.44,0.0,0.0,0.0,1,1123,5.0,0.9,0.0,11.7
0.0,2.08,0.0,0.0,4.44,1.04,0.0,0.0,0.0,0.0,92.44,0.0,0.0,0.0,1,1123,5.0,0.9,0.0,15.7
0.0,2.08,0.0,0.0,4.44,1.04,0.0,0.0,0.0,0.0,92.44,0.0,0.0,0.0,1,1123,5.0,0.9,0.0,16.4
0.0,2.08,0.0,0.0,4.44,1.04,0.0,0.0,0.0,0.0,92.44,0.0,0.0,0.0,1,1123,5.0,0.9,0.0,18.6
0.0,2.08,0.0,0.0,4.44,1.04,0.0,0.0,0.0,0.0,92.44,0.0,0.0,0.0,1,1123,5.0,0.9,0.0,17.9
0.0,2.08,0.0,0.0,4.44,1.04,0.0,0.0,0.0,0.0,92.44,0.0,0.0,0.0,1,1048,7.5,0.9,0.0,7.81
0.0,2.08,0.0,0.0,4.44,1.04,0.0,0.0,0.0,0.0,92.44,0.0,0.0,0.0,1,1073,7.5,0.9,0.0,9.88
0.0,2.08,0.0,0.0,4.44,1.04,0.0,0.0,0.0,0.0,92.44,0.0,0.0,0.0,1,1098,7.5,0.9,0.0,10.125
0.0,2.08,0.0,0.0,4.44,1.04,0.0,0.0,0.0,0.0,92.44,0.0,0.0,0.0,1,1123,7.5,0.9,0.0,10.64
0.0,2.08,0.0,0.0,4.44,1.04,0.0,0.0,0.0,0.0,92.44,0.0,0.0,0.0,1,1148,7.5,0.9,0.0,10.23
0.0,2.08,0.0,0.0,2.23,1.04,0.0,0.0,0.0,0.0,94.65,0.0,0.0,0.0,1,1073,2.5,1.0,0.05,10.1
0.0,2.08,0.0,0.0,2.23,1.04,0.0,0.0,0.0,0.0,94.65,0.0,0.0,0.0,1,1073,2.5,1.0,0.05,17.8
0.0,2.08,0.0,0.0,2.23,1.04,0.0,0.0,0.0,0.0,94.65,0.0,0.0,0.0,1,1073,3.0,1.0,1.95,18.1
0.0,2.08,0.0,0.0,2.23,1.04,0.0,0.0,0.0,0.0,94.65,0.0,0.0,0.0,1,1073,3.0,1.0,1.95,20.0
0.0,2.08,0.0,0.0,2.23,1.04,0.0,0.0,0.0,0.0,94.65,0.0,0.0,0.0,1,1023,4.0,1.0,0.06,6.1
0.0,2.08,0.0,0.0,2.23,1.04,0.0,0.0,0.0,0.0,94.66,0.0,0.0,0.0,1,1073,2.0,1.0,0.55,23.3
0.0,2.08,0.0,0.0,2.23,1.04,0.0,0.0,0.0,0.0,94.66,0.0,0.0,0.0,1,1013,2.0,1.0,0.55,13.9
0.0,2.08,0.0,0.0,2.23,1.04,0.0,0.0,0.0,0.0,94.66,0.0,0.0,0.0,1,1033,2.0,1.0,0.55,18.3
0.0,2.08,0.0,0.0,2.23,1.04,0.0,0.0,0.0,0.0,94.66,0.0,0.0,0.0,1,1053,2.0,1.0,0.55,19.8
0.0,2.08,0.0,0.0,2.23,1.04,0.0,0.0,0.0,0.0,94.66,0.0,0.0,0.0,1,1073,2.0,1.0,0.55,19.7
0.0,2.08,0.0,0.0,2.23,1.04,0.0,0.0,0.0,0.0,94.66,0.0,0.0,0.0,1,1093,2.0,1.0,0.55,20.0
0.0,2.08,0.0,0.0,2.23,1.04,0.0,0.0,0.0,0.0,94.66,0.0,0.0,0.0,1,1073,1.0,1.0,0.55,22.0
0.0,2.08,0.0,0.0,2.23,1.04,0.0,0.0,0.0,0.0,94.66,0.0,0.0,0.0,1,1073,2.0,1.0,0.55,20.8
0.0,2.08,0.0,0.0,2.23,1.04,0.0,0.0,0.0,0.0,94.66,0.0,0.0,0.0,1,1073,3.0,1.0,0.55,17.9
0.0,2.08,0.0,0.0,2.23,1.04,0.0,0.0,0.0,0.0,94.66,0.0,0.0,0.0,1,1073,4.0,1.0,0.55,13.2
0.0,2.08,0.0,0.0,2.23,1.04,0.0,0.0,0.0,0.0,94.66,0.0,0.0,0.0,1,1073,5.0,1.0,0.55,11.5
0.0,2.08,0.0,0.0,2.23,1.04,0.0,0.0,0.0,0.0,94.66,0.0,0.0,0.0,1,1073,2.0,1.0,0.36,20.0
0.0,2.08,0.0,0.0,2.23,1.04,0.0,0.0,0.0,0.0,94.66,0.0,0.0,0.0,1,1073,2.0,1.0,1.44,18.7
0.0,2.08,0.0,0.0,2.23,1.04,0.0,0.0,0.0,0.0,94.66,0.0,0.0,0.0,1,1073,2.0,1.0,0.9,19.6
0.0,2.08,0.0,0.0,2.23,1.04,0.0,0.0,0.0,0.0,94.66,0.0,0.0,0.0,1,1073,2.0,1.0,0.72,18.6
0.0,2.08,0.0,0.0,2.23,1.04,0.0,0.0,0.0,0.0,94.66,0.0,0.0,0.0,1,1073,2.0,1.0,0.51,17.1
0.0,2.08,0.0,0.0,2.23,1.04,0.0,0.0,0.0,0.0,94.66,0.0,0.0,0.0,1,1073,2.0,1.0,0.42,16.6
0.0,2.08,0.0,0.0,2.23,1.04,0.0,0.0,0.0,0.0,94.66,0.0,0.0,0.0,1,1073,2.0,1.0,0.36,15.5
0.0,2.08,0.0,0.0,2.23,1.04,0.0,0.0,0.0,0.0,94.65,0.0,0.0,0.0,1,1056,1.8,1.0,0.02,10.0
0.0,2.08,0.0,0.0,2.23,1.04,0.0,0.0,0.0,0.0,94.65,0.0,0.0,0.0,1,1153,1.9,1.0,0.02,22.0
0.0,2.08,0.0,0.0,2.23,1.04,0.0,0.0,0.0,0.0,94.65,0.0,0.0,0.0,1,1175,1.8,1.0,0.02,21.0
0.0,2.08,0.0,0.0,2.23,1.04,0.0,0.0,0.0,0.0,94.65,0.0,0.0,0.0,1,1023,4.0,1.0,0.37,5.8
0.0,1.61,0.0,0.0,4.32,0.8,0.0,0.0,0.0,0.0,93.27,0.0,0.0,0.0,1,973,3.0,1.0,0.07,10.5
0.0,1.44,0.0,0.0,0.53,0.72,0.0,0.0,0.0,0.0,0.0,97.31,0.0,0.0,1,1023,4.0,1.0,0.01,1.0
0.0,1.43,0.0,0.0,0.53,0.71,0.0,0.0,0.0,0.0,48.66,0.0,48.66,0.0,1,1023,4.0,1.0,0.02,2.5
0.0,0.54,0.0,0.0,2.17,0.27,0.0,0.0,0.0,0.0,97.02,0.0,0.0,0.0,1,973,3.0,1.0,0.07,5.6
0.0,0.06,0.0,0.0,1.52,0.03,0.0,0.0,0.0,0.0,98.38,0.0,0.0,0.0,1,973,3.0,1.0,0.07,7.1
0.0,0.05,0.0,0.0,2.97,0.03,0.0,0.0,0.0,0.0,96.95,0.0,0.0,0.0,1,973,3.0,1.0,0.07,7.7
0.0,0.05,0.0,0.0,4.33,0.02,0.0,0.0,0.0,0.0,95.59,0.0,0.0,0.0,1,973,3.0,1.0,0.07,8.5
0.0,0.04,0.0,0.0,5.63,0.02,0.0,0.0,0.0,0.0,94.31,0.0,0.0,0.0,1,973,3.0,1.0,0.07,14.5
0.0,0.03,0.0,0.0,6.86,0.02,0.0,0.0,0.0,0.0,93.08,0.0,0.0,0.0,1,973,3.0,1.0,0.07,9.2
0.0,0.03,0.0,0.0,8.04,0.01,0.0,0.0,0.0,0.0,91.92,0.0,0.0,0.0,1,973,3.0,1.0,0.07,8.5
0.0,0.02,0.0,0.0,9.15,0.01,0.0,0.0,0.0,0.0,90.82,0.0,0.0,0.0,1,973,3.0,1.0,0.07,6.1
0.0,0.01,0.0,0.0,10.22,0.01,0.0,0.0,0.0,0.0,89.76,0.0,0.0,0.0,1,973,3.0,1.0,0.07,5.6
0.0,0.01,0.0,0.0,11.24,0.0,0.0,0.0,0.0,0.0,88.75,0.0,0.0,0.0,1,973,3.0,1.0,0.07,5.1
0.0,12.13,0.0,0.0,11.86,1.59,0.0,0.0,0.0,0.0,74.42,0.0,0.0,0.0,1,1093,3.0,1.0,0.06,13.7
0.0,10.55,0.0,0.0,5.48,3.37,0.0,0.0,0.0,0.0,80.6,0.0,0.0,0.0,1,1111,3.0,1.0,0.06,18.8
0.0,9.5,0.0,0.0,5.43,1.49,0.0,0.0,0.0,0.0,83.58,0.0,0.0,0.0,1,1109,3.0,1.0,0.06,19.6
0.0,7.43,0.0,0.0,6.17,0.76,0.0,0.0,0.0,0.0,85.63,0.0,0.0,0.0,1,1103,3.0,1.0,0.06,19.1
0.0,7.25,0.0,0.0,7.9,1.83,0.0,0.0,0.0,0.0,83.02,0.0,0.0,0.0,1,1111,3.0,1.0,0.06,19.2
0.0,7.16,0.0,0.0,6.03,1.83,0.0,0.0,0.0,0.0,84.98,0.0,0.0,0.0,1,1115,3.0,1.0,0.06,21.6
0.0,7.01,0.0,0.0,6.14,1.58,0.0,0.0,0.0,0.0,85.27,0.0,0.0,0.0,1,1118,3.0,1.0,0.06,21.9
0.0,6.99,0.0,0.0,5.89,2.13,0.0,0.0,0.0,0.0,84.99,0.0,0.0,0.0,1,1111,3.0,1.0,0.06,22.5
0.0,6.92,0.0,0.0,8.14,0.7,0.0,0.0,0.0,0.0,84.24,0.0,0.0,0.0,1,1095,3.0,1.0,0.06,19.3
0.0,6.86,0.0,0.0,8.07,1.58,0.0,0.0,0.0,0.0,83.49,0.0,0.0,0.0,1,1113,3.0,1.0,0.06,23.8
0.0,6.58,0.0,0.0,7.89,2.18,0.0,0.0,0.0,0.0,83.36,0.0,0.0,0.0,1,1110,3.0,1.0,0.06,21.9
0.0,6.28,0.0,0.0,5.66,1.53,0.0,0.0,0.0,0.0,86.53,0.0,0.0,0.0,1,1105,3.0,1.0,0.06,17.8
0.0,5.96,0.0,0.0,6.44,1.66,0.0,0.0,0.0,0.0,85.95,0.0,0.0,0.0,1,1109,3.0,1.0,0.06,18.4
0.0,5.79,0.0,0.0,0.31,0.62,0.0,0.0,0.0,0.0,93.27,0.0,0.0,0.0,1,1106,3.0,1.0,0.07,15.2
0.0,5.69,0.0,0.0,5.61,3.64,0.0,0.0,0.0,0.0,85.06,0.0,0.0,0.0,1,1114,3.0,1.0,0.06,20.8
0.0,5.55,0.0,0.0,2.23,1.5,0.0,0.0,0.0,0.0,90.72,0.0,0.0,0.0,1,1105,3.0,1.0,0.07,14.0
0.0,5.15,0.0,0.0,12.87,1.52,0.0,0.0,0.0,0.0,80.46,0.0,0.0,0.0,1,1126,3.0,1.0,0.06,22.0
0.0,5.14,0.0,0.0,2.15,0.53,0.0,0.0,0.0,0.0,92.18,0.0,0.0,0.0,1,1090,3.0,1.0,0.07,17.0
0.0,4.8,0.0,0.0,12.54,3.19,0.0,0.0,0.0,0.0,79.47,0.0,0.0,0.0,1,1106,3.0,1.0,0.06,20.0
0.0,4.72,0.0,0.0,13.93,3.14,0.0,0.0,0.0,0.0,78.21,0.0,0.0,0.0,1,1110,3.0,1.0,0.06,23.3
0.0,3.21,0.0,0.0,6.1,1.6,0.0,0.0,0.0,0.0,89.09,0.0,0.0,0.0,1,1117,3.0,1.0,0.06,22.0
0.0,3.09,0.0,0.0,8.26,1.64,0.0,0.0,0.0,0.0,87.01,0.0,0.0,0.0,1,953,3.0,1.0,0.06,0.1
0.0,3.09,0.0,0.0,8.26,1.64,0.0,0.0,0.0,0.0,87.01,0.0,0.0,0.0,1,973,3.0,1.0,0.06,0.9
0.0,3.09,0.0,0.0,8.26,1.64,0.0,0.0,0.0,0.0,87.01,0.0,0.0,0.0,1,1023,3.0,1.0,0.06,11.6
0.0,3.09,0.0,0.0,8.26,1.64,0.0,0.0,0.0,0.0,87.01,0.0,0.0,0.0,1,1043,3.0,1.0,0.06,19.4
0.0,3.09,0.0,0.0,8.26,1.64,0.0,0.0,0.0,0.0,87.01,0.0,0.0,0.0,1,1073,3.0,1.0,0.06,22.6
0.0,3.09,0.0,0.0,8.26,1.64,0.0,0.0,0.0,0.0,87.01,0.0,0.0,0.0,1,1093,3.0,1.0,0.13,22.9
0.0,3.09,0.0,0.0,8.26,1.64,0.0,0.0,0.0,0.0,87.01,0.0,0.0,0.0,1,1073,3.0,1.0,0.13,14.0
0.0,3.09,0.0,0.0,8.26,1.64,0.0,0.0,0.0,0.0,87.01,0.0,0.0,0.0,1,1073,3.0,1.0,0.04,7.7
0.0,3.09,0.0,0.0,8.26,1.64,0.0,0.0,0.0,0.0,87.01,0.0,0.0,0.0,1,1073,2.0,1.0,0.06,19.2
0.0,3.09,0.0,0.0,8.26,1.64,0.0,0.0,0.0,0.0,87.01,0.0,0.0,0.0,1,1073,4.0,1.0,0.06,12.7
0.0,3.09,0.0,0.0,8.26,1.64,0.0,0.0,0.0,0.0,87.01,0.0,0.0,0.0,1,1073,5.0,1.0,0.06,9.1
0.0,3.09,0.0,0.0,8.26,1.64,0.0,0.0,0.0,0.0,87.01,0.0,0.0,0.0,1,1121,3.0,1.0,0.06,23.8
0.0,3.06,0.0,0.0,6.07,2.29,0.0,0.0,0.0,0.0,88.58,0.0,0.0,0.0,1,1115,3.0,1.0,0.06,23.8
0.0,2.97,0.0,0.0,6.28,1.97,0.0,0.0,0.0,0.0,88.77,0.0,0.0,0.0,1,1110,3.0,1.0,0.06,21.0
0.0,2.94,0.0,0.0,8.38,2.21,0.0,0.0,0.0,0.0,86.47,0.0,0.0,0.0,1,1111,3.0,1.0,0.06,22.8
0.0,2.92,0.0,0.0,6.34,0.79,0.0,0.0,0.0,0.0,89.94,0.0,0.0,0.0,1,1114,3.0,1.0,0.06,22.9
0.0,2.9,0.0,0.0,8.27,0.77,0.0,0.0,0.0,0.0,88.06,0.0,0.0,0.0,1,1114,3.0,1.0,0.06,23.8
0.0,2.6,0.0,0.0,8.35,1.97,0.0,0.0,0.0,0.0,87.08,0.0,0.0,0.0,1,1103,3.0,1.0,0.06,20.5
0.0,2.53,0.0,0.0,2.7,0.6,0.0,0.0,0.0,0.0,94.16,0.0,0.0,0.0,1,1112,3.0,1.0,0.07,16.4
0.0,2.3,0.0,0.0,2.49,1.52,0.0,0.0,0.0,0.0,93.69,0.0,0.0,0.0,1,1121,3.0,1.0,0.07,14.2
0.0,2.26,0.0,0.0,5.49,0.59,0.0,0.0,0.0,0.0,91.67,0.0,0.0,0.0,1,1092,3.0,1.0,0.06,19.7
0.0,2.17,0.0,0.0,5.69,1.38,0.0,0.0,0.0,0.0,90.76,0.0,0.0,0.0,1,1113,3.0,1.0,0.06,14.2
0.0,0.3,0.0,0.0,1.93,1.21,0.0,0.0,0.0,0.0,96.56,0.0,0.0,0.0,1,1113,3.0,1.0,0.07,22.1
0.0,2.11,0.0,0.0,0.79,2.06,0.0,0.0,0.0,0.0,95.05,0.0,0.0,0.0,1,1073,4.0,1.0,0.0,7.3
0.0,2.11,0.0,0.0,0.79,1.06,0.0,0.0,0.0,0.0,96.05,0.0,0.0,0.0,1,1073,4.0,1.0,0.0,10.9
0.0,2.08,0.0,0.0,2.23,1.04,0.0,0.0,0.0,0.0,94.65,0.0,0.0,0.0,1,1122,2.1,1.0,0.14,7.5
0.0,2.08,0.0,0.0,2.23,1.04,0.0,0.0,0.0,0.0,94.65,0.0,0.0,0.0,1,1157,2.1,1.0,0.14,12.1
0.0,2.08,0.0,0.0,2.23,1.04,0.0,0.0,0.0,0.0,94.65,0.0,0.0,0.0,1,1187,2.1,1.0,0.14,14.2
0.0,2.72,0.0,0.0,2.91,1.36,0.0,0.0,0.0,0.0,0.0,0.0,0.0,93.01,1,1048,3.0,1.0,0.36,12.3
0.0,2.72,0.0,0.0,2.91,1.36,0.0,0.0,0.0,0.0,0.0,0.0,0.0,93.01,1,1073,3.0,1.0,0.36,14.1
0.0,2.72,0.0,0.0,2.91,1.36,0.0,93.01,0.0,0.0,0.0,0.0,0.0,0.0,1,998,2.0,1.0,0.18,0.4
0.0,2.72,0.0,0.0,2.91,1.36,0.0,93.01,0.0,0.0,0.0,0.0,0.0,0.0,1,998,2.0,1.0,0.18,0.2
0.0,2.72,0.0,0.0,2.91,1.36,0.0,93.01,0.0,0.0,0.0,0.0,0.0,0.0,1,1023,2.0,1.0,0.18,1.7
0.0,2.72,0.0,0.0,2.91,1.36,0.0,93.01,0.0,0.0,0.0,0.0,0.0,0.0,1,1048,2.0,1.0,0.18,4.6
0.0,2.72,0.0,0.0,2.91,1.36,0.0,93.01,0.0,0.0,0.0,0.0,0.0,0.0,1,1073,2.0,1.0,0.18,17.9
0.0,2.72,0.0,0.0,2.91,1.36,0.0,93.01,0.0,0.0,0.0,0.0,0.0,0.0,1,1098,2.0,1.0,0.18,15.2
0.0,2.72,0.0,0.0,2.91,1.36,0.0,93.01,0.0,0.0,0.0,0.0,0.0,0.0,1,1123,2.0,1.0,0.18,17.0
23.46,2.4,0.0,0.0,2.57,1.2,0.0,70.37,0.0,0.0,0.0,0.0,0.0,0.0,1,998,2.0,1.0,0.18,0.6
23.46,2.4,0.0,0.0,2.57,1.2,0.0,70.37,0.0,0.0,0.0,0.0,0.0,0.0,1,1023,2.0,1.0,0.18,1.0
23.46,2.4,0.0,0.0,2.57,1.2,0.0,70.37,0.0,0.0,0.0,0.0,0.0,0.0,1,1023,2.0,1.0,0.18,0.5
23.46,2.4,0.0,0.0,2.57,1.2,0.0,70.37,0.0,0.0,0.0,0.0,0.0,0.0,1,1048,2.0,1.0,0.18,4.3
23.46,2.4,0.0,0.0,2.57,1.2,0.0,70.37,0.0,0.0,0.0,0.0,0.0,0.0,1,1073,2.0,1.0,0.18,9.8
23.46,2.4,0.0,0.0,2.57,1.2,0.0,70.37,0.0,0.0,0.0,0.0,0.0,0.0,1,1098,2.0,1.0,0.18,18.1
23.46,2.4,0.0,0.0,2.57,1.2,0.0,70.37,0.0,0.0,0.0,0.0,0.0,0.0,1,1123,2.0,1.0,0.18,16.1
0.0,2.15,0.0,0.0,2.3,1.07,0.0,0.0,0.0,0.0,85.04,0.0,0.0,9.45,1,1048,3.0,1.0,0.36,12.7
0.0,2.15,0.0,0.0,2.3,1.07,0.0,0.0,0.0,0.0,85.04,0.0,0.0,9.45,1,1073,3.0,1.0,0.36,15.1
0.0,2.11,0.0,0.0,2.26,1.06,0.0,0.0,0.0,0.0,89.84,0.0,0.0,4.73,1,1048,3.0,1.0,0.36,13.4
0.0,2.11,0.0,0.0,2.26,1.06,0.0,0.0,0.0,0.0,80.38,4.73,0.0,9.46,1,1048,3.0,1.0,0.36,4.8
0.0,2.11,0.0,0.0,2.26,1.06,0.0,0.0,0.0,0.0,89.84,0.0,0.0,4.73,1,1073,3.0,1.0,0.36,20.9
0.0,2.11,0.0,0.0,2.26,1.06,0.0,0.0,0.0,0.0,80.38,4.73,0.0,9.46,1,1073,3.0,1.0,0.36,12.0
0.0,2.11,0.0,0.0,2.25,1.05,0.0,0.0,0.0,0.0,88.91,0.95,0.0,4.73,1,1048,3.0,1.0,0.36,10.5
0.0,2.11,0.0,0.0,2.25,1.05,0.0,0.0,0.0,0.0,88.91,0.95,0.0,4.73,1,1073,3.0,1.0,0.36,10.4
0.0,2.1,0.0,0.0,2.25,1.05,0.0,0.0,0.0,0.0,91.76,0.0,0.0,2.84,1,1048,3.0,1.0,0.36,7.9
0.0,2.1,0.0,0.0,2.25,1.05,0.0,0.0,0.0,0.0,91.76,0.0,0.0,2.84,1,1073,3.0,1.0,0.36,12.3
0.0,2.09,0.0,0.0,2.24,1.05,0.0,0.0,0.0,0.0,87.05,2.84,0.0,4.73,1,1048,3.0,1.0,0.36,19.0
0.0,2.09,0.0,0.0,2.24,1.05,0.0,0.0,0.0,0.0,87.05,2.84,0.0,4.73,1,1073,3.0,1.0,0.36,18.9
0.0,2.09,0.0,0.0,2.23,1.04,0.0,0.0,0.0,0.0,93.69,0.0,0.0,0.95,1,1048,3.0,1.0,0.36,6.1
0.0,2.09,0.0,0.0,2.23,1.04,0.0,0.0,0.0,0.0,93.69,0.0,0.0,0.95,1,1073,3.0,1.0,0.36,11.6
0.0,2.08,0.0,0.0,2.23,1.04,0.0,0.0,0.0,0.0,94.65,0.0,0.0,0.0,1,1048,3.0,1.0,0.36,15.3
0.0,2.08,0.0,0.0,2.23,1.04,0.0,0.0,0.0,0.0,85.19,4.73,0.0,4.73,1,1048,3.0,1.0,0.36,19.3
0.0,2.08,0.0,0.0,2.23,1.04,0.0,0.0,0.0,0.0,94.65,0.0,0.0,0.0,1,1073,3.0,1.0,0.36,17.1
0.0,2.08,0.0,0.0,2.23,1.04,0.0,0.0,0.0,0.0,94.65,0.0,0.0,0.0,1,1073,3.0,1.0,0.36,16.5
0.0,2.08,0.0,0.0,2.23,1.04,0.0,0.0,0.0,0.0,85.19,4.73,0.0,4.73,1,1073,3.0,1.0,0.36,23.1
47.33,2.08,0.0,0.0,2.23,1.04,0.0,47.33,0.0,0.0,0.0,0.0,0.0,0.0,1,998,2.0,1.0,0.18,3.1
47.33,2.08,0.0,0.0,2.23,1.04,0.0,47.33,0.0,0.0,0.0,0.0,0.0,0.0,1,1023,2.0,1.0,0.18,2.3
47.33,2.08,0.0,0.0,2.23,1.04,0.0,47.33,0.0,0.0,0.0,0.0,0.0,0.0,1,1048,2.0,1.0,0.18,2.4
47.33,2.08,0.0,0.0,2.23,1.04,0.0,47.33,0.0,0.0,0.0,0.0,0.0,0.0,1,1048,2.0,1.0,0.18,1.0
47.33,2.08,0.0,0.0,2.23,1.04,0.0,47.33,0.0,0.0,0.0,0.0,0.0,0.0,1,1073,2.0,1.0,0.18,6.3
47.33,2.08,0.0,0.0,2.23,1.04,0.0,47.33,0.0,0.0,0.0,0.0,0.0,0.0,1,1098,2.0,1.0,0.18,18.0
47.33,2.08,0.0,0.0,2.23,1.04,0.0,47.33,0.0,0.0,0.0,0.0,0.0,0.0,1,1123,2.0,1.0,0.18,17.7
0.0,2.07,0.0,0.0,2.21,1.03,0.0,0.0,0.0,0.0,87.11,4.73,0.0,2.84,1,1048,3.0,1.0,0.36,11.3
0.0,2.07,0.0,0.0,2.21,1.03,0.0,0.0,0.0,0.0,83.33,6.63,0.0,4.73,1,1048,3.0,1.0,0.36,10.9
0.0,2.07,0.0,0.0,2.21,1.03,0.0,0.0,0.0,0.0,87.11,4.73,0.0,2.84,1,1073,3.0,1.0,0.36,12.9
0.0,2.07,0.0,0.0,2.21,1.03,0.0,0.0,0.0,0.0,83.33,6.63,0.0,4.73,1,1073,3.0,1.0,0.36,12.0
0.0,2.06,0.0,0.0,2.2,1.03,0.0,0.0,0.0,0.0,89.04,4.74,0.0,0.95,1,1048,3.0,1.0,0.36,10.8
0.0,2.06,0.0,0.0,2.2,1.03,0.0,0.0,0.0,0.0,89.04,4.74,0.0,0.95,1,1073,3.0,1.0,0.36,12.8
0.0,2.05,0.0,0.0,2.19,1.02,0.0,0.0,0.0,0.0,90.0,0.0,0.0,0.0,1,1048,3.0,1.0,0.36,2.6
0.0,2.05,0.0,0.0,2.19,1.02,0.0,0.0,0.0,0.0,80.53,9.47,0.0,4.74,1,1048,3.0,1.0,0.36,9.3
0.0,2.05,0.0,0.0,2.19,1.02,0.0,0.0,0.0,0.0,90.0,0.0,0.0,0.0,1,1073,3.0,1.0,0.36,7.8
0.0,2.05,0.0,0.0,2.19,1.02,0.0,0.0,0.0,0.0,80.53,9.47,0.0,4.74,1,1073,3.0,1.0,0.36,11.9
71.62,1.75,0.0,0.0,1.88,0.88,0.0,23.87,0.0,0.0,0.0,0.0,0.0,0.0,1,998,2.0,1.0,0.18,0.4
71.62,1.75,0.0,0.0,1.88,0.88,0.0,23.87,0.0,0.0,0.0,0.0,0.0,0.0,1,1023,2.0,1.0,0.18,10.8
71.62,1.75,0.0,0.0,1.88,0.88,0.0,23.87,0.0,0.0,0.0,0.0,0.0,0.0,1,1048,2.0,1.0,0.18,8.5
71.62,1.75,0.0,0.0,1.88,0.88,0.0,23.87,0.0,0.0,0.0,0.0,0.0,0.0,1,1073,2.0,1.0,0.18,6.0
71.62,1.75,0.0,0.0,1.88,0.88,0.0,23.87,0.0,0.0,0.0,0.0,0.0,0.0,1,1073,2.0,1.0,0.18,1.8
71.62,1.75,0.0,0.0,1.88,0.88,0.0,23.87,0.0,0.0,0.0,0.0,0.0,0.0,1,1098,2.0,1.0,0.18,9.3
71.62,1.75,0.0,0.0,1.88,0.88,0.0,23.87,0.0,0.0,0.0,0.0,0.0,0.0,1,1123,2.0,1.0,0.18,17.2
0.0,20.0,0.0,0.0,1.7,1.3,0.0,0.0,0.0,0.0,77.0,0.0,0.0,0.0,1,1073,3.0,1.0,0.1,23.9
96.35,1.42,0.0,0.0,1.52,0.71,0.0,0.0,0.0,0.0,0.0,0.0,0.0,0.0,1,998,2.0,1.0,0.18,0.4
96.35,1.42,0.0,0.0,1.52,0.71,0.0,0.0,0.0,0.0,0.0,0.0,0.0,0.0,1,1023,2.0,1.0,0.18,1.6
96.35,1.42,0.0,0.0,1.52,0.71,0.0,0.0,0.0,0.0,0.0,0.0,0.0,0.0,1,1048,2.0,1.0,0.18,16.5
96.35,1.42,0.0,0.0,1.52,0.71,0.0,0.0,0.0,0.0,0.0,0.0,0.0,0.0,1,1073,2.0,1.0,0.18,13.7
96.35,1.42,0.0,0.0,1.52,0.71,0.0,0.0,0.0,0.0,0.0,0.0,0.0,0.0,1,1098,2.0,1.0,0.18,12.3
96.35,1.42,0.0,0.0,1.52,0.71,0.0,0.0,0.0,0.0,0.0,0.0,0.0,0.0,1,1098,2.0,1.0,0.18,2.6
96.35,1.42,0.0,0.0,1.52,0.71,0.0,0.0,0.0,0.0,0.0,0.0,0.0,0.0,1,1123,2.0,1.0,0.18,15.1
0.0,2.08,0.0,0.0,2.23,1.04,0.0,0.0,0.0,0.0,94.65,0.0,0.0,0.0,1,903,3.0,1.0,0.37,0.7
0.0,2.08,0.0,0.0,2.23,1.04,0.0,0.0,0.0,0.0,94.65,0.0,0.0,0.0,1,918,3.0,1.0,0.37,1.0
0.0,2.08,0.0,0.0,2.23,1.04,0.0,0.0,0.0,0.0,94.65,0.0,0.0,0.0,1,933,3.0,1.0,0.37,1.5
0.0,2.08,0.0,0.0,2.23,1.04,0.0,0.0,0.0,0.0,94.65,0.0,0.0,0.0,1,958,3.0,1.0,0.37,2.4
0.0,2.08,0.0,0.0,2.23,1.04,0.0,0.0,0.0,0.0,94.65,0.0,0.0,0.0,1,973,3.0,1.0,0.37,3.7
0.0,2.08,0.0,0.0,2.23,1.04,0.0,0.0,0.0,0.0,94.65,0.0,0.0,0.0,1,1008,3.0,1.0,0.37,4.8
0.0,2.08,0.0,0.0,2.23,1.04,0.0,0.0,0.0,0.0,94.65,0.0,0.0,0.0,1,1023,3.0,1.0,0.37,6.0
0.0,2.08,0.0,0.0,2.23,1.04,0.0,0.0,0.0,0.0,94.65,0.0,0.0,0.0,1,993,3.0,1.0,0.19,2.9
0.0,2.08,0.0,0.0,2.23,1.04,0.0,0.0,0.0,0.0,94.65,0.0,0.0,0.0,1,1018,3.0,1.0,0.19,5.0
0.0,2.08,0.0,0.0,2.23,1.04,0.0,0.0,0.0,0.0,94.65,0.0,0.0,0.0,1,1038,3.0,1.0,0.19,6.3
0.0,2.08,0.0,0.0,2.23,1.04,0.0,0.0,0.0,0.0,94.65,0.0,0.0,0.0,1,1073,3.0,1.0,0.19,8.4
0.0,2.08,0.0,0.0,2.23,1.04,0.0,0.0,0.0,0.0,94.65,0.0,0.0,0.0,1,1093,3.0,1.0,0.19,11.4
0.0,2.08,0.0,0.0,2.23,1.04,0.0,0.0,0.0,0.0,94.65,0.0,0.0,0.0,1,1113,3.0,1.0,0.19,11.0
0.0,2.08,0.0,0.0,2.23,1.04,0.0,0.0,0.0,0.0,94.65,0.0,0.0,0.0,1,1128,3.0,1.0,0.19,11.1
0.0,2.08,0.0,0.0,2.23,1.04,0.0,0.0,0.0,0.0,94.65,0.0,0.0,0.0,1,988,3.0,1.0,0.09,2.3
0.0,2.08,0.0,0.0,2.23,1.04,0.0,0.0,0.0,0.0,94.65,0.0,0.0,0.0,1,1013,3.0,1.0,0.09,4.1
0.0,2.08,0.0,0.0,2.23,1.04,0.0,0.0,0.0,0.0,94.65,0.0,0.0,0.0,1,1038,3.0,1.0,0.09,8.2
0.0,2.08,0.0,0.0,2.23,1.04,0.0,0.0,0.0,0.0,94.65,0.0,0.0,0.0,1,1073,3.0,1.0,0.09,13.3
0.0,2.08,0.0,0.0,2.23,1.04,0.0,0.0,0.0,0.0,94.65,0.0,0.0,0.0,1,1098,3.0,1.0,0.09,19.2
0.0,2.08,0.0,0.0,2.23,1.04,0.0,0.0,0.0,0.0,94.65,0.0,0.0,0.0,1,1113,3.0,1.0,0.09,19.3
0.0,2.08,0.0,0.0,2.23,1.04,0.0,0.0,0.0,0.0,94.65,0.0,0.0,0.0,1,1133,3.0,1.0,0.09,18.4
0.0,2.08,0.0,0.0,2.23,1.04,0.0,0.0,0.0,0.0,94.65,0.0,0.0,0.0,1,1148,3.0,1.0,0.09,18.3
0.0,4.5,2.36,2.378978995,6.01,2.25,0.0,0.0,0.0,0.0,82.5,0.0,0.0,0.0,1,955,4.0,1.0,0.4,0.8
0.0,4.5,2.36,2.378978995,6.01,2.25,0.0,0.0,0.0,0.0,82.5,0.0,0.0,0.0,1,1001,4.0,1.0,0.4,5.4
0.0,4.5,2.36,2.378978995,6.01,2.25,0.0,0.0,0.0,0.0,82.5,0.0,0.0,0.0,1,1027,4.0,1.0,0.4,11.9
0.0,4.5,2.36,2.378978995,6.01,2.25,0.0,0.0,0.0,0.0,82.5,0.0,0.0,0.0,1,1035,4.0,1.0,0.4,15.6
0.0,4.5,2.36,2.378978995,6.01,2.25,0.0,0.0,0.0,0.0,82.5,0.0,0.0,0.0,1,1050,4.0,1.0,0.4,20.8
0.0,4.5,2.36,2.378978995,6.01,2.25,0.0,0.0,0.0,0.0,82.5,0.0,0.0,0.0,1,1067,4.0,1.0,0.4,20.8
0.0,4.5,2.36,2.378978995,6.01,2.25,0.0,0.0,0.0,0.0,82.5,0.0,0.0,0.0,1,1088,4.0,1.0,0.4,19.3
0.0,4.5,2.36,2.378978995,6.01,2.25,0.0,0.0,0.0,0.0,82.5,0.0,0.0,0.0,1,1098,4.0,1.0,0.4,17.0
0.0,4.5,2.36,2.378978995,6.01,2.25,0.0,0.0,0.0,0.0,82.5,0.0,0.0,0.0,1,1067,3.0,1.0,0.4,17.3
0.0,4.5,2.36,2.378978995,6.01,2.25,0.0,0.0,0.0,0.0,82.5,0.0,0.0,0.0,1,1067,5.0,1.0,0.4,8.5
0.0,4.36,0.0,2.31,5.83,2.18,0.0,0.0,0.0,0.0,85.32,0.0,0.0,0.0,1,956,4.0,1.0,0.42,0.1
0.0,4.36,0.0,2.31,5.83,2.18,0.0,0.0,0.0,0.0,85.32,0.0,0.0,0.0,1,1005,4.0,1.0,0.42,7.7
0.0,4.36,0.0,2.31,5.83,2.18,0.0,0.0,0.0,0.0,85.32,0.0,0.0,0.0,1,1030,4.0,1.0,0.42,16.2
0.0,4.36,0.0,2.31,5.83,2.18,0.0,0.0,0.0,0.0,85.32,0.0,0.0,0.0,1,1055,4.0,1.0,0.42,23.1
0.0,4.36,0.0,2.31,5.83,2.18,0.0,0.0,0.0,0.0,85.32,0.0,0.0,0.0,1,1056,4.0,1.0,0.42,22.6
0.0,4.36,0.0,2.31,5.83,2.18,0.0,0.0,0.0,0.0,85.32,0.0,0.0,0.0,1,1074,4.0,1.0,0.42,23.4
0.0,4.36,0.0,2.31,5.83,2.18,0.0,0.0,0.0,0.0,85.32,0.0,0.0,0.0,1,1090,4.0,1.0,0.42,21.1
0.0,4.36,0.0,2.31,5.83,2.18,0.0,0.0,0.0,0.0,85.32,0.0,0.0,0.0,1,1113,4.0,1.0,0.42,18.7
0.0,4.36,2.29,0.0,5.83,2.18,0.0,0.0,0.0,0.0,85.34,0.0,0.0,0.0,1,954,4.0,1.0,0.41,2.2
0.0,4.36,2.29,0.0,5.83,2.18,0.0,0.0,0.0,0.0,85.34,0.0,0.0,0.0,1,1006,4.0,1.0,0.41,14.0
0.0,4.36,2.29,0.0,5.83,2.18,0.0,0.0,0.0,0.0,85.34,0.0,0.0,0.0,1,1031,4.0,1.0,0.41,21.2
0.0,4.36,2.29,0.0,5.83,2.18,0.0,0.0,0.0,0.0,85.34,0.0,0.0,0.0,1,1047,4.0,1.0,0.41,21.1
0.0,4.36,2.29,0.0,5.83,2.18,0.0,0.0,0.0,0.0,85.34,0.0,0.0,0.0,1,1068,4.0,1.0,0.41,19.4
0.0,4.36,2.29,0.0,5.83,2.18,0.0,0.0,0.0,0.0,85.34,0.0,0.0,0.0,1,1089,4.0,1.0,0.41,17.8
0.0,4.36,2.29,0.0,5.83,2.18,0.0,0.0,0.0,0.0,85.34,0.0,0.0,0.0,1,1114,4.0,1.0,0.41,15.1
0.0,4.36,0.0,2.31,5.83,2.18,0.0,0.0,0.0,0.0,85.32,0.0,0.0,0.0,1,1055,2.0,1.0,0.42,24.0
0.0,4.36,0.0,2.31,5.83,2.18,0.0,0.0,0.0,0.0,85.32,0.0,0.0,0.0,1,1055,3.0,1.0,0.42,18.8
0.0,4.36,0.0,2.31,5.83,2.18,0.0,0.0,0.0,0.0,85.32,0.0,0.0,0.0,1,1055,5.0,1.0,0.42,9.6
0.0,4.36,2.29,0.0,5.83,2.18,0.0,0.0,0.0,0.0,85.34,0.0,0.0,0.0,1,1074,2.0,1.0,0.41,20.5
0.0,4.36,2.29,0.0,5.83,2.18,0.0,0.0,0.0,0.0,85.34,0.0,0.0,0.0,1,1074,3.0,1.0,0.41,17.7
0.0,4.36,2.29,0.0,5.83,2.18,0.0,0.0,0.0,0.0,85.34,0.0,0.0,0.0,1,1074,5.0,1.0,0.41,7.6
0.0,4.36,2.29,0.0,5.83,2.18,0.0,0.0,0.0,0.0,85.34,0.0,0.0,0.0,1,1067,2.0,1.0,0.4,17.8
0.0,4.23,0.0,0.0,5.66,2.12,0.0,0.0,0.0,0.0,87.99,0.0,0.0,0.0,1,938,4.0,1.0,0.43,2.4
0.0,4.23,0.0,0.0,5.66,2.12,0.0,0.0,0.0,0.0,87.99,0.0,0.0,0.0,1,988,4.0,1.0,0.43,18.4
0.0,4.23,0.0,0.0,5.66,2.12,0.0,0.0,0.0,0.0,87.99,0.0,0.0,0.0,1,1003,4.0,1.0,0.43,20.2
0.0,4.23,0.0,0.0,5.66,2.12,0.0,0.0,0.0,0.0,87.99,0.0,0.0,0.0,1,1013,4.0,1.0,0.43,21.1
0.0,4.23,0.0,0.0,5.66,2.12,0.0,0.0,0.0,0.0,87.99,0.0,0.0,0.0,1,1031,4.0,1.0,0.43,19.5
0.0,4.23,0.0,0.0,5.66,2.12,0.0,0.0,0.0,0.0,87.99,0.0,0.0,0.0,1,1033,4.0,1.0,0.43,19.6
0.0,4.23,0.0,0.0,5.66,2.12,0.0,0.0,0.0,0.0,87.99,0.0,0.0,0.0,1,1054,4.0,1.0,0.43,17.9
0.0,4.23,0.0,0.0,5.66,2.12,0.0,0.0,0.0,0.0,87.99,0.0,0.0,0.0,1,1079,4.0,1.0,0.43,15.8
0.0,4.23,0.0,0.0,5.66,2.12,0.0,0.0,0.0,0.0,87.99,0.0,0.0,0.0,1,1013,2.0,1.0,0.43,19.0
0.0,4.23,0.0,0.0,5.66,2.12,0.0,0.0,0.0,0.0,87.99,0.0,0.0,0.0,1,1013,3.0,1.0,0.43,17.2
0.0,4.23,0.0,0.0,5.66,2.12,0.0,0.0,0.0,0.0,87.99,0.0,0.0,0.0,1,1013,5.0,1.0,0.43,10.3
0.0,4.32,0.0,0.0,4.82,2.16,0.0,0.0,0.0,0.0,88.7,0.0,0.0,0.0,1,1073,5.0,1.0,0.16,17.4
0.0,4.32,0.0,0.0,4.82,2.16,0.0,0.0,0.0,0.0,88.7,0.0,0.0,0.0,1,1053,5.0,1.0,0.16,16.1
0.0,4.32,0.0,0.0,4.82,2.16,0.0,0.0,0.0,0.0,88.7,0.0,0.0,0.0,1,1033,5.0,1.0,0.16,13.4
0.0,4.32,0.0,0.0,4.82,2.16,0.0,0.0,0.0,0.0,88.7,0.0,0.0,0.0,1,1013,5.0,1.0,0.16,7.6
0.0,4.32,0.0,0.0,4.82,2.16,0.0,0.0,0.0,0.0,88.7,0.0,0.0,0.0,1,993,5.0,1.0,0.16,4.6
0.0,4.32,0.0,0.0,4.82,2.16,0.0,0.0,0.0,0.0,88.7,0.0,0.0,0.0,1,953,5.0,1.0,0.16,0.2
0.0,1.24,0.0,0.0,5.51,0.62,0.0,0.0,0.0,0.0,92.64,0.0,0.0,0.0,0,1073,5.0,1.0,0.05,16.9
0.0,1.24,0.0,0.0,4.41,0.62,0.0,0.0,0.0,0.0,93.74,0.0,0.0,0.0,0,1073,5.0,1.0,0.05,16.7
0.0,1.24,0.0,0.0,3.31,0.62,0.0,0.0,0.0,0.0,94.83,0.0,0.0,0.0,0,1073,5.0,1.0,0.05,16.8
0.0,1.24,0.0,0.0,2.21,0.62,0.0,0.0,0.0,0.0,95.93,0.0,0.0,0.0,0,1073,5.0,1.0,0.05,18.5
0.0,2.51,0.0,0.0,2.12,1.25,0.0,0.0,0.0,0.0,94.12,0.0,0.0,0.0,0,1073,5.0,1.0,0.05,11.9
0.0,2.08,0.0,0.0,2.11,1.04,0.0,0.0,0.0,0.0,94.76,0.0,0.0,0.0,0,1073,5.0,1.0,0.05,12.4
0.0,1.66,0.0,0.0,2.11,0.83,0.0,0.0,0.0,0.0,95.41,0.0,0.0,0.0,0,1073,5.0,1.0,0.05,16.7
0.0,1.24,0.0,0.0,2.1,0.62,0.0,0.0,0.0,0.0,96.04,0.0,0.0,0.0,0,1073,5.0,1.0,0.05,18.3
0.0,1.24,0.0,0.0,2.1,0.62,0.0,0.0,0.0,0.0,96.04,0.0,0.0,0.0,0,1043,5.0,1.0,0.05,9.7
0.0,1.24,0.0,0.0,2.1,0.62,0.0,0.0,0.0,0.0,96.04,0.0,0.0,0.0,0,1063,5.0,1.0,0.05,14.6
0.0,1.24,0.0,0.0,2.1,0.62,0.0,0.0,0.0,0.0,96.04,0.0,0.0,0.0,0,1083,5.0,1.0,0.05,18.3
0.0,1.24,0.0,0.0,2.1,0.62,0.0,0.0,0.0,0.0,96.04,0.0,0.0,0.0,0,1103,5.0,1.0,0.05,16.0
0.0,1.24,0.0,0.0,2.1,0.62,0.0,0.0,0.0,0.0,96.04,0.0,0.0,0.0,0,1123,5.0,1.0,0.05,16.0
0.0,1.24,0.0,0.0,2.1,0.62,0.0,0.0,0.0,0.0,96.04,0.0,0.0,0.0,0,1143,5.0,1.0,0.05,15.1
0.0,1.24,0.0,0.0,2.1,0.62,0.0,0.0,0.0,0.0,96.04,0.0,0.0,0.0,0,1163,5.0,1.0,0.05,14.1
0.0,1.24,0.0,0.0,2.1,0.62,0.0,0.0,0.0,0.0,96.04,0.0,0.0,0.0,0,1183,2.0,1.0,0.05,19.6
0.0,1.24,0.0,0.0,2.1,0.62,0.0,0.0,0.0,0.0,96.04,0.0,0.0,0.0,0,1183,3.0,1.0,0.05,18.3
0.0,1.24,0.0,0.0,2.1,0.62,0.0,0.0,0.0,0.0,96.04,0.0,0.0,0.0,0,1183,4.0,1.0,0.05,17.5
0.0,1.24,0.0,0.0,2.1,0.62,0.0,0.0,0.0,0.0,96.04,0.0,0.0,0.0,0,1183,5.0,1.0,0.05,17.6
0.0,1.24,0.0,0.0,2.1,0.62,0.0,0.0,0.0,0.0,96.04,0.0,0.0,0.0,0,1183,6.0,1.0,0.05,11.4
0.0,0.82,0.0,0.0,2.09,0.41,0.0,0.0,0.0,0.0,96.68,0.0,0.0,0.0,0,1073,5.0,1.0,0.05,16.8
0.0,0.41,0.0,0.0,2.08,0.2,0.0,0.0,0.0,0.0,97.3,0.0,0.0,0.0,0,1073,5.0,1.0,0.05,13.2
0.0,1.24,0.0,0.0,1.11,0.62,0.0,0.0,0.0,0.0,97.03,0.0,0.0,0.0,0,1073,5.0,1.0,0.05,4.8
0.0,8.76,0.0,0.0,14.05,4.38,0.0,0.0,0.0,0.0,72.81,0.0,0.0,0.0,1,873,5.0,1.0,0.11,1.4
0.0,8.76,0.0,0.0,14.05,4.38,0.0,0.0,0.0,0.0,72.81,0.0,0.0,0.0,1,923,5.0,1.0,0.11,8.3
0.0,8.76,0.0,0.0,14.05,4.38,0.0,0.0,0.0,0.0,72.81,0.0,0.0,0.0,1,973,5.0,1.0,0.11,11.0
0.0,8.76,0.0,0.0,14.05,4.38,0.0,0.0,0.0,0.0,72.81,0.0,0.0,0.0,1,1023,5.0,1.0,0.11,12.3
0.0,8.76,0.0,0.0,14.05,4.38,0.0,0.0,0.0,0.0,72.81,0.0,0.0,0.0,1,1073,5.0,1.0,0.11,11.5
0.0,8.76,0.0,0.0,14.05,4.38,0.0,0.0,0.0,0.0,72.81,0.0,0.0,0.0,1,1123,5.0,1.0,0.11,7.9
0.0,8.76,0.0,0.0,14.05,4.38,0.0,0.0,0.0,0.0,72.81,0.0,0.0,0.0,1,873,2.0,1.0,0.11,2.2
0.0,8.76,0.0,0.0,14.05,4.38,0.0,0.0,0.0,0.0,72.81,0.0,0.0,0.0,1,923,2.0,1.0,0.11,10.0
0.0,8.76,0.0,0.0,14.05,4.38,0.0,0.0,0.0,0.0,72.81,0.0,0.0,0.0,1,973,2.0,1.0,0.11,14.7
0.0,8.76,0.0,0.0,14.05,4.38,0.0,0.0,0.0,0.0,72.81,0.0,0.0,0.0,1,1023,2.0,1.0,0.11,15.6
0.0,8.76,0.0,0.0,14.05,4.38,0.0,0.0,0.0,0.0,72.81,0.0,0.0,0.0,1,1073,2.0,1.0,0.11,14.7
0.0,8.76,0.0,0.0,14.05,4.38,0.0,0.0,0.0,0.0,72.81,0.0,0.0,0.0,1,873,10.0,1.0,0.11,1.0
0.0,8.76,0.0,0.0,14.05,4.38,0.0,0.0,0.0,0.0,72.81,0.0,0.0,0.0,1,923,10.0,1.0,0.11,3.3
0.0,8.76,0.0,0.0,14.05,4.38,0.0,0.0,0.0,0.0,72.81,0.0,0.0,0.0,1,973,10.0,1.0,0.11,6.4
0.0,8.76,0.0,0.0,14.05,4.38,0.0,0.0,0.0,0.0,72.81,0.0,0.0,0.0,1,1023,10.0,1.0,0.11,6.3
0.0,8.76,0.0,0.0,14.05,4.38,0.0,0.0,0.0,0.0,72.81,0.0,0.0,0.0,1,1073,10.0,1.0,0.11,3.8
0.0,4.45,0.0,0.0,4.76,2.22,4.76,0.0,0.0,0.0,83.81,0.0,0.0,0.0,1,1073,5.0,1.0,0.15,4.4
0.0,4.45,0.0,0.0,4.76,2.22,4.76,0.0,0.0,0.0,83.81,0.0,0.0,0.0,1,1053,5.0,1.0,0.15,2.7
0.0,4.45,0.0,0.0,4.76,2.22,4.76,0.0,0.0,0.0,83.81,0.0,0.0,0.0,1,1033,5.0,1.0,0.15,1.2
0.0,4.45,0.0,0.0,4.76,2.22,4.76,0.0,0.0,0.0,83.81,0.0,0.0,0.0,1,1013,5.0,1.0,0.15,0.2
0.0,4.45,0.0,0.0,4.76,2.22,4.76,0.0,0.0,0.0,83.81,0.0,0.0,0.0,1,993,5.0,1.0,0.15,0.0
0.0,4.45,0.0,0.0,4.76,2.22,4.76,0.0,0.0,0.0,83.81,0.0,0.0,0.0,1,973,5.0,1.0,0.15,0.0
0.0,4.3,0.0,0.0,4.6,2.15,0.0,4.6,0.0,0.0,84.35,0.0,0.0,0.0,1,1073,5.0,1.0,0.15,19.6
0.0,4.3,0.0,0.0,4.6,2.15,0.0,4.6,0.0,0.0,84.35,0.0,0.0,0.0,1,1053,5.0,1.0,0.15,19.1
0.0,4.3,0.0,0.0,4.6,2.15,0.0,4.6,0.0,0.0,84.35,0.0,0.0,0.0,1,1033,5.0,1.0,0.15,18.6
0.0,4.3,0.0,0.0,4.6,2.15,0.0,4.6,0.0,0.0,84.35,0.0,0.0,0.0,1,1013,5.0,1.0,0.15,17.8
0.0,4.3,0.0,0.0,4.6,2.15,0.0,4.6,0.0,0.0,84.35,0.0,0.0,0.0,1,993,5.0,1.0,0.15,17.4
0.0,4.3,0.0,0.0,4.6,2.15,0.0,4.6,0.0,0.0,84.35,0.0,0.0,0.0,1,973,5.0,1.0,0.15,16.6
0.0,4.24,0.0,0.0,4.53,2.12,0.0,0.0,0.0,0.0,89.11,0.0,0.0,0.0,1,1073,5.0,1.0,0.16,14.8
0.0,4.24,0.0,0.0,4.53,2.12,0.0,0.0,0.0,0.0,89.11,0.0,0.0,0.0,1,1053,5.0,1.0,0.16,12.9
0.0,4.24,0.0,0.0,4.53,2.12,0.0,0.0,0.0,0.0,89.11,0.0,0.0,0.0,1,1033,5.0,1.0,0.16,11.2
0.0,4.24,0.0,0.0,4.53,2.12,0.0,0.0,0.0,0.0,89.11,0.0,0.0,0.0,1,1013,5.0,1.0,0.16,5.3
0.0,4.24,0.0,0.0,4.53,2.12,0.0,0.0,0.0,0.0,89.11,0.0,0.0,0.0,1,993,5.0,1.0,0.16,2.9
0.0,4.24,0.0,0.0,4.53,2.12,0.0,0.0,0.0,0.0,89.11,0.0,0.0,0.0,1,973,5.0,1.0,0.16,0.2
0.0,4.45,0.0,0.0,4.48,2.23,0.0,0.0,0.0,0.0,0.0,0.0,0.0,88.84,1,993,5.0,1.0,0.11,4.4
0.0,4.45,0.0,0.0,4.48,2.23,0.0,0.0,0.0,0.0,0.0,0.0,0.0,88.84,1,993,5.0,1.0,0.11,1.7
0.0,4.45,0.0,0.0,4.48,2.23,0.0,0.0,0.0,0.0,0.0,0.0,0.0,88.84,1,993,5.0,1.0,0.11,0.5
0.0,4.45,0.0,0.0,4.48,2.23,0.0,0.0,0.0,0.0,0.0,0.0,0.0,88.84,1,993,5.0,1.0,0.1,0.6
0.0,4.45,0.0,0.0,4.48,2.23,0.0,0.0,0.0,0.0,0.0,0.0,0.0,88.84,1,993,5.0,1.0,0.1,0.5
0.0,4.45,0.0,0.0,4.48,2.23,0.0,0.0,0.0,0.0,0.0,0.0,0.0,88.84,1,993,5.0,1.0,0.1,0.3
4.47,4.18,0.0,0.0,4.47,2.09,0.0,0.0,0.0,0.0,84.81,0.0,0.0,0.0,1,1073,5.0,1.0,0.15,13.7
4.47,4.18,0.0,0.0,4.47,2.09,0.0,0.0,0.0,0.0,84.81,0.0,0.0,0.0,1,1053,5.0,1.0,0.15,11.4
4.47,4.18,0.0,0.0,4.47,2.09,0.0,0.0,0.0,0.0,84.81,0.0,0.0,0.0,1,1033,5.0,1.0,0.15,7.9
4.47,4.18,0.0,0.0,4.47,2.09,0.0,0.0,0.0,0.0,84.81,0.0,0.0,0.0,1,1013,5.0,1.0,0.15,3.0
4.47,4.18,0.0,0.0,4.47,2.09,0.0,0.0,0.0,0.0,84.81,0.0,0.0,0.0,1,993,5.0,1.0,0.15,1.0
4.47,4.18,0.0,0.0,4.47,2.09,0.0,0.0,0.0,0.0,84.81,0.0,0.0,0.0,1,973,5.0,1.0,0.15,0.0
0.0,4.25,0.0,0.0,4.39,1.02,0.0,0.0,0.0,2.12,88.22,0.0,0.0,0.0,1,1023,5.0,1.0,0.27,10.0
0.0,4.25,0.0,0.0,4.39,1.02,0.0,0.0,0.0,2.12,88.22,0.0,0.0,0.0,1,1048,5.0,1.0,0.27,17.0
0.0,4.25,0.0,0.0,4.39,1.02,0.0,0.0,0.0,2.12,88.22,0.0,0.0,0.0,1,1073,5.0,1.0,0.27,19.0
0.0,4.25,0.0,0.0,4.39,1.02,0.0,0.0,0.0,2.12,88.22,0.0,0.0,0.0,1,1098,5.0,1.0,0.27,20.0
0.0,4.25,0.0,0.0,4.39,1.02,0.0,0.0,0.0,2.12,88.22,0.0,0.0,0.0,1,1073,5.0,1.0,0.32,18.0
0.0,4.25,0.0,0.0,4.39,1.02,0.0,0.0,0.0,2.12,88.22,0.0,0.0,0.0,1,1073,5.0,1.0,0.37,18.0
0.0,4.25,0.0,0.0,4.39,1.02,0.0,0.0,0.0,2.12,88.22,0.0,0.0,0.0,1,1073,5.0,1.0,0.47,18.0
0.0,4.25,0.0,0.0,4.39,1.02,0.0,0.0,0.0,2.12,88.22,0.0,0.0,0.0,1,1073,2.5,1.0,0.27,21.0
0.0,4.25,0.0,0.0,4.39,1.02,0.0,0.0,0.0,2.12,88.22,0.0,0.0,0.0,1,1073,3.3,1.0,0.27,20.0
0.0,4.25,0.0,0.0,4.39,1.02,0.0,0.0,0.0,2.12,88.22,0.0,0.0,0.0,1,1073,7.5,1.0,0.27,15.0
0.0,4.25,0.0,0.0,4.39,1.02,0.0,0.0,0.0,2.12,88.22,0.0,0.0,0.0,1,1073,10.0,1.0,0.27,13.0
0.0,4.25,0.0,0.0,4.39,1.02,0.0,0.0,0.0,2.12,88.22,0.0,0.0,0.0,1,1073,2.5,1.0,0.35,24.0
0.0,4.25,0.0,0.0,4.39,1.02,0.0,0.0,0.0,2.12,88.22,0.0,0.0,0.0,1,1073,4.0,1.0,0.35,21.0
0.0,4.25,0.0,0.0,4.39,1.02,0.0,0.0,0.0,2.12,88.22,0.0,0.0,0.0,1,1073,5.0,1.0,0.35,21.0
0.0,4.25,0.0,0.0,4.39,1.02,0.0,0.0,0.0,2.12,88.22,0.0,0.0,0.0,1,1073,6.3,1.0,0.35,20.0
0.0,4.25,0.0,0.0,4.39,1.02,0.0,0.0,0.0,2.12,88.22,0.0,0.0,0.0,1,1073,10.0,1.0,0.35,17.0
0.0,2.04,0.0,0.0,4.36,1.02,0.0,0.0,0.0,0.0,92.59,0.0,0.0,0.0,1,1023,4.0,1.0,0.02,3.6
0.0,2.04,0.0,0.0,4.36,1.02,0.0,0.0,0.0,0.0,92.59,0.0,0.0,0.0,1,1023,4.0,1.0,0.02,1.3
0.0,2.04,0.0,0.0,4.36,1.02,0.0,0.0,0.0,0.0,92.59,0.0,0.0,0.0,1,1023,4.0,1.0,0.02,4.5
0.0,2.04,0.0,0.0,4.36,1.02,0.0,0.0,0.0,0.0,92.59,0.0,0.0,0.0,1,1023,4.0,1.0,0.02,4.9
0.0,2.04,0.0,0.0,4.36,1.02,0.0,0.0,0.0,0.0,92.59,0.0,0.0,0.0,1,1023,4.0,1.0,0.02,3.5
0.0,2.04,0.0,0.0,4.36,1.02,0.0,0.0,0.0,0.0,92.59,0.0,0.0,0.0,1,1023,4.0,1.0,0.02,4.2
0.0,2.04,0.0,0.0,4.36,1.02,0.0,0.0,0.0,0.0,92.59,0.0,0.0,0.0,1,1023,4.0,1.0,0.02,3.3
0.0,2.04,0.0,0.0,4.36,1.02,0.0,0.0,0.0,0.0,92.59,0.0,0.0,0.0,1,1023,4.0,1.0,0.02,5.4
0.0,9.1,0.0,0.0,3.6,4.5,0.0,0.0,0.0,0.0,82.8,0.0,0.0,0.0,1,1050,7.5,1.0,0.22,16.0
0.0,2.07,0.0,0.0,3.14,1.04,0.0,0.0,0.0,0.0,93.75,0.0,0.0,0.0,1,1123,4.0,2.0,0.11,17.1
0.0,2.07,0.0,0.0,3.14,1.04,0.0,0.0,0.0,0.0,93.75,0.0,0.0,0.0,1,1123,4.0,5.0,0.11,11.9
0.0,2.07,0.0,0.0,3.14,1.04,0.0,0.0,0.0,0.0,93.75,0.0,0.0,0.0,1,1123,4.0,10.0,0.11,5.4
0.0,2.07,0.0,0.0,3.14,1.04,0.0,0.0,0.0,0.0,93.75,0.0,0.0,0.0,1,1123,4.0,2.0,0.11,24.5
0.0,2.07,0.0,0.0,3.14,1.04,0.0,0.0,0.0,0.0,93.75,0.0,0.0,0.0,1,1123,4.0,5.0,0.11,17.5
0.0,2.07,0.0,0.0,3.14,1.04,0.0,0.0,0.0,0.0,93.75,0.0,0.0,0.0,1,1123,4.0,10.0,0.11,11.3
0.0,2.07,0.0,0.0,3.14,1.04,0.0,0.0,0.0,0.0,93.75,0.0,0.0,0.0,1,1123,4.0,2.0,0.11,26.2
0.0,2.07,0.0,0.0,3.14,1.04,0.0,0.0,0.0,0.0,93.75,0.0,0.0,0.0,1,1123,4.0,5.0,0.06,20.7
0.0,2.07,0.0,0.0,3.14,1.04,0.0,0.0,0.0,0.0,93.75,0.0,0.0,0.0,1,1123,4.0,10.0,0.01,18.6
0.0,19.09,0.0,0.0,3.13,10.26,0.0,0.0,0.0,0.0,67.52,0.0,0.0,0.0,1,1023,4.0,1.3,0.02,2.7
0.0,2.61,0.0,0.0,3.06,1.31,0.0,0.0,0.0,0.0,93.02,0.0,0.0,0.0,1,1073,4.0,1.0,0.0,1.0
0.0,2.61,0.0,0.0,3.06,1.31,0.0,0.0,0.0,0.0,93.02,0.0,0.0,0.0,1,1073,4.0,1.0,0.0,1.3
0.0,2.61,0.0,0.0,3.06,1.31,0.0,0.0,0.0,0.0,93.02,0.0,0.0,0.0,1,1073,4.0,1.0,0.0,2.9
0.0,2.61,0.0,0.0,3.06,1.31,0.0,0.0,0.0,0.0,93.02,0.0,0.0,0.0,1,1073,4.0,1.0,0.0,6.4
0.0,16.85,0.0,0.0,2.81,8.43,0.0,0.0,0.0,0.0,71.91,0.0,0.0,0.0,1,1023,4.0,1.3,0.02,4.3
0.0,2.23,4.69,0.0,2.39,1.12,0.0,0.0,0.0,0.0,89.57,0.0,0.0,0.0,1,1113,3.0,1.0,0.04,19.8
0.0,2.23,4.69,0.0,2.39,1.12,0.0,0.0,0.0,0.0,89.57,0.0,0.0,0.0,1,1113,4.0,1.0,0.04,18.4
0.0,2.23,4.69,0.0,2.39,1.12,0.0,0.0,0.0,0.0,89.57,0.0,0.0,0.0,1,1113,5.0,1.0,0.04,13.8
0.0,2.23,4.69,0.0,2.39,1.12,0.0,0.0,0.0,0.0,89.57,0.0,0.0,0.0,1,1113,6.0,1.0,0.04,13.9
0.0,2.23,4.69,0.0,2.39,1.12,0.0,0.0,0.0,0.0,89.57,0.0,0.0,0.0,1,1053,3.0,1.0,0.04,1.9
0.0,2.23,4.69,0.0,2.39,1.12,0.0,0.0,0.0,0.0,89.57,0.0,0.0,0.0,1,1073,3.0,1.0,0.04,7.6
0.0,2.23,4.69,0.0,2.39,1.12,0.0,0.0,0.0,0.0,89.57,0.0,0.0,0.0,1,1093,3.0,1.0,0.04,15.7
0.0,2.23,4.69,0.0,2.39,1.12,0.0,0.0,0.0,0.0,89.57,0.0,0.0,0.0,1,1133,3.0,1.0,0.04,15.6
0.0,2.23,4.69,0.0,2.39,1.12,0.0,0.0,0.0,0.0,89.57,0.0,0.0,0.0,1,1153,3.0,1.0,0.04,14.6
0.0,2.21,3.7,0.0,2.36,1.1,0.0,0.0,0.0,0.0,90.63,0.0,0.0,0.0,1,1113,3.0,1.0,0.04,20.1
0.0,2.21,3.7,0.0,2.36,1.1,0.0,0.0,0.0,0.0,90.63,0.0,0.0,0.0,1,1113,4.0,1.0,0.04,19.6
0.0,2.21,3.7,0.0,2.36,1.1,0.0,0.0,0.0,0.0,90.63,0.0,0.0,0.0,1,1113,5.0,1.0,0.04,15.4
0.0,2.21,3.7,0.0,2.36,1.1,0.0,0.0,0.0,0.0,90.63,0.0,0.0,0.0,1,1113,6.0,1.0,0.04,14.6
0.0,2.21,3.7,0.0,2.36,1.1,0.0,0.0,0.0,0.0,90.63,0.0,0.0,0.0,1,1053,3.0,1.0,0.04,2.2
0.0,2.21,3.7,0.0,2.36,1.1,0.0,0.0,0.0,0.0,90.63,0.0,0.0,0.0,1,1073,3.0,1.0,0.04,7.0
0.0,2.21,3.7,0.0,2.36,1.1,0.0,0.0,0.0,0.0,90.63,0.0,0.0,0.0,1,1093,3.0,1.0,0.04,15.5
0.0,2.21,3.7,0.0,2.36,1.1,0.0,0.0,0.0,0.0,90.63,0.0,0.0,0.0,1,1133,3.0,1.0,0.04,15.1
0.0,2.21,3.7,0.0,2.36,1.1,0.0,0.0,0.0,0.0,90.63,0.0,0.0,0.0,1,1153,3.0,1.0,0.04,14.5
0.0,2.21,3.7,0.0,2.36,1.1,0.0,0.0,0.0,0.0,90.63,0.0,0.0,0.0,1,1173,3.0,1.0,0.04,14.7
0.0,2.19,0.0,0.0,2.34,1.1,0.0,0.0,0.0,0.0,94.37,0.0,0.0,0.0,1,1113,2.6,1.0,0.04,10.7
0.0,2.17,2.27,0.0,2.32,1.08,0.0,0.0,0.0,0.0,92.16,0.0,0.0,0.0,1,1113,3.0,1.0,0.04,21.2
0.0,2.17,2.27,0.0,2.32,1.08,0.0,0.0,0.0,0.0,92.16,0.0,0.0,0.0,1,1113,4.0,1.0,0.04,19.7
0.0,2.17,2.27,0.0,2.32,1.08,0.0,0.0,0.0,0.0,92.16,0.0,0.0,0.0,1,1113,5.0,1.0,0.04,15.6
0.0,2.17,2.27,0.0,2.32,1.08,0.0,0.0,0.0,0.0,92.16,0.0,0.0,0.0,1,1113,6.0,1.0,0.04,15.0
0.0,2.17,2.27,0.0,2.32,1.08,0.0,0.0,0.0,0.0,92.16,0.0,0.0,0.0,1,1053,3.0,1.0,0.04,1.6
0.0,2.17,2.27,0.0,2.32,1.08,0.0,0.0,0.0,0.0,92.16,0.0,0.0,0.0,1,1073,3.0,1.0,0.04,9.0
0.0,2.17,2.27,0.0,2.32,1.08,0.0,0.0,0.0,0.0,92.16,0.0,0.0,0.0,1,1093,3.0,1.0,0.04,18.0
0.0,2.17,2.27,0.0,2.32,1.08,0.0,0.0,0.0,0.0,92.16,0.0,0.0,0.0,1,1113,3.0,1.0,0.04,19.3
0.0,2.17,2.27,0.0,2.32,1.08,0.0,0.0,0.0,0.0,92.16,0.0,0.0,0.0,1,1153,3.0,1.0,0.04,15.2
0.0,2.17,2.27,0.0,2.32,1.08,0.0,0.0,0.0,0.0,92.16,0.0,0.0,0.0,1,1173,3.0,1.0,0.04,15.5
0.0,2.13,1.12,0.0,2.28,1.07,0.0,0.0,0.0,0.0,93.4,0.0,0.0,0.0,1,1113,3.0,1.0,0.04,20.5
0.0,2.13,1.12,0.0,2.28,1.07,0.0,0.0,0.0,0.0,93.4,0.0,0.0,0.0,1,1113,4.0,1.0,0.04,18.3
0.0,2.13,1.12,0.0,2.28,1.07,0.0,0.0,0.0,0.0,93.4,0.0,0.0,0.0,1,1113,5.0,1.0,0.04,14.4
0.0,2.13,1.12,0.0,2.28,1.07,0.0,0.0,0.0,0.0,93.4,0.0,0.0,0.0,1,1113,6.0,1.0,0.04,14.8
0.0,2.13,1.12,0.0,2.28,1.07,0.0,0.0,0.0,0.0,93.4,0.0,0.0,0.0,1,1053,3.0,1.0,0.04,1.8
0.0,2.13,1.12,0.0,2.28,1.07,0.0,0.0,0.0,0.0,93.4,0.0,0.0,0.0,1,1073,3.0,1.0,0.04,8.9
0.0,2.13,1.12,0.0,2.28,1.07,0.0,0.0,0.0,0.0,93.4,0.0,0.0,0.0,1,1093,3.0,1.0,0.04,16.8
0.0,2.13,1.12,0.0,2.28,1.07,0.0,0.0,0.0,0.0,93.4,0.0,0.0,0.0,1,1133,3.0,1.0,0.04,14.5
0.0,2.13,1.12,0.0,2.28,1.07,0.0,0.0,0.0,0.0,93.4,0.0,0.0,0.0,1,1153,3.0,1.0,0.04,14.4
0.0,2.13,1.12,0.0,2.28,1.07,0.0,0.0,0.0,0.0,93.4,0.0,0.0,0.0,1,1173,3.0,1.0,0.04,14.9
0.0,2.12,0.44,0.0,2.26,1.06,0.0,0.0,0.0,0.0,94.12,0.0,0.0,0.0,1,1113,3.0,1.0,0.04,18.7
0.0,2.12,0.44,0.0,2.26,1.06,0.0,0.0,0.0,0.0,94.12,0.0,0.0,0.0,1,1113,4.0,1.0,0.04,16.7
0.0,2.12,0.44,0.0,2.26,1.06,0.0,0.0,0.0,0.0,94.12,0.0,0.0,0.0,1,1113,5.0,1.0,0.04,13.6
0.0,2.12,0.44,0.0,2.26,1.06,0.0,0.0,0.0,0.0,94.12,0.0,0.0,0.0,1,1113,6.0,1.0,0.04,14.0
0.0,2.12,0.44,0.0,2.26,1.06,0.0,0.0,0.0,0.0,94.12,0.0,0.0,0.0,1,1053,3.0,1.0,0.04,1.6
0.0,2.12,0.44,0.0,2.26,1.06,0.0,0.0,0.0,0.0,94.12,0.0,0.0,0.0,1,1073,3.0,1.0,0.04,7.6
0.0,2.12,0.44,0.0,2.26,1.06,0.0,0.0,0.0,0.0,94.12,0.0,0.0,0.0,1,1093,3.0,1.0,0.04,16.0
0.0,2.12,0.44,0.0,2.26,1.06,0.0,0.0,0.0,0.0,94.12,0.0,0.0,0.0,1,1133,3.0,1.0,0.04,14.7
0.0,2.12,0.44,0.0,2.26,1.06,0.0,0.0,0.0,0.0,94.12,0.0,0.0,0.0,1,1153,3.0,1.0,0.04,13.7
0.0,2.12,0.44,0.0,2.26,1.06,0.0,0.0,0.0,0.0,94.12,0.0,0.0,0.0,1,1173,3.0,1.0,0.04,13.6
0.0,2.11,0.22,0.0,2.26,1.05,0.0,0.0,0.0,0.0,94.36,0.0,0.0,0.0,1,1113,3.0,1.0,0.04,16.7
0.0,2.11,0.22,0.0,2.26,1.05,0.0,0.0,0.0,0.0,94.36,0.0,0.0,0.0,1,1113,4.0,1.0,0.04,15.3
0.0,2.11,0.22,0.0,2.26,1.05,0.0,0.0,0.0,0.0,94.36,0.0,0.0,0.0,1,1113,5.0,1.0,0.04,13.2
0.0,2.11,0.22,0.0,2.26,1.05,0.0,0.0,0.0,0.0,94.36,0.0,0.0,0.0,1,1113,6.0,1.0,0.04,12.6
0.0,2.11,0.22,0.0,2.26,1.05,0.0,0.0,0.0,0.0,94.36,0.0,0.0,0.0,1,1053,3.0,1.0,0.04,1.4
0.0,2.11,0.22,0.0,2.26,1.05,0.0,0.0,0.0,0.0,94.36,0.0,0.0,0.0,1,1073,3.0,1.0,0.04,6.5
0.0,2.11,0.22,0.0,2.26,1.05,0.0,0.0,0.0,0.0,94.36,0.0,0.0,0.0,1,1093,3.0,1.0,0.04,13.9
0.0,2.11,0.22,0.0,2.26,1.05,0.0,0.0,0.0,0.0,94.36,0.0,0.0,0.0,1,1133,3.0,1.0,0.04,13.8
0.0,2.11,0.22,0.0,2.26,1.05,0.0,0.0,0.0,0.0,94.36,0.0,0.0,0.0,1,1153,3.0,1.0,0.04,13.5
0.0,2.11,0.22,0.0,2.26,1.05,0.0,0.0,0.0,0.0,94.36,0.0,0.0,0.0,1,1173,3.0,1.0,0.04,12.9
0.0,2.1,0.0,0.0,2.25,1.05,0.0,0.0,0.0,0.0,94.6,0.0,0.0,0.0,1,1113,3.0,1.0,0.04,13.8
0.0,2.1,0.0,0.0,2.25,1.05,0.0,0.0,0.0,0.0,94.6,0.0,0.0,0.0,1,1113,4.0,1.0,0.04,14.7
0.0,2.1,0.0,0.0,2.25,1.05,0.0,0.0,0.0,0.0,94.6,0.0,0.0,0.0,1,1113,5.0,1.0,0.04,12.6
0.0,2.1,0.0,0.0,2.25,1.05,0.0,0.0,0.0,0.0,94.6,0.0,0.0,0.0,1,1113,6.0,1.0,0.04,11.9
0.0,2.1,0.0,0.0,2.25,1.05,0.0,0.0,0.0,0.0,94.6,0.0,0.0,0.0,1,1053,3.0,1.0,0.04,0.6
0.0,2.1,0.0,0.0,2.25,1.05,0.0,0.0,0.0,0.0,94.6,0.0,0.0,0.0,1,1073,3.0,1.0,0.04,4.8
0.0,2.1,0.0,0.0,2.25,1.05,0.0,0.0,0.0,0.0,94.6,0.0,0.0,0.0,1,1093,3.0,1.0,0.04,13.6
0.0,2.1,0.0,0.0,2.25,1.05,0.0,0.0,0.0,0.0,94.6,0.0,0.0,0.0,1,1133,3.0,1.0,0.04,13.4
0.0,2.1,0.0,0.0,2.25,1.05,0.0,0.0,0.0,0.0,94.6,0.0,0.0,0.0,1,1153,3.0,1.0,0.04,12.6
0.0,2.1,0.0,0.0,2.25,1.05,0.0,0.0,0.0,0.0,94.6,0.0,0.0,0.0,1,1173,3.0,1.0,0.04,12.2
0.0,2.08,0.0,0.0,2.23,1.04,0.0,0.0,0.0,0.0,94.65,0.0,0.0,0.0,1,1048,4.0,1.0,0.05,14.5
0.0,2.08,0.0,0.0,2.23,1.04,0.0,0.0,0.0,0.0,94.65,0.0,0.0,0.0,1,1048,4.0,1.0,0.04,6.7
0.0,2.08,0.0,0.0,2.23,1.04,0.0,0.0,0.0,0.0,94.65,0.0,0.0,0.0,1,1048,4.0,1.0,0.04,8.1
0.0,2.08,0.0,0.0,2.23,1.04,0.0,0.0,0.0,0.0,94.65,0.0,0.0,0.0,1,1048,4.0,1.0,0.04,5.4
0.0,2.08,0.0,0.0,2.23,1.04,0.0,0.0,0.0,0.0,94.65,0.0,0.0,0.0,1,1073,3.0,1.0,0.0,18.3
0.0,2.08,0.0,0.0,2.23,1.04,0.0,0.0,0.0,0.0,94.65,0.0,0.0,0.0,1,1073,3.0,1.0,0.0,14.6
0.0,2.08,0.0,0.0,2.23,1.04,0.0,0.0,0.0,0.0,94.65,0.0,0.0,0.0,1,1048,3.0,1.0,0.0,21.5
0.0,2.08,0.0,0.0,2.23,1.04,0.0,0.0,0.0,0.0,94.65,0.0,0.0,0.0,1,1023,3.0,1.0,0.0,16.0
0.0,2.08,0.0,0.0,2.23,1.04,0.0,0.0,0.0,0.0,94.65,0.0,0.0,0.0,1,1048,3.0,1.0,0.0,18.3
0.0,2.08,0.0,0.0,2.23,1.04,0.0,0.0,0.0,0.0,94.65,0.0,0.0,0.0,1,1023,3.0,1.0,0.0,16.5
0.0,2.08,0.0,0.0,2.23,1.04,0.0,0.0,0.0,0.0,94.65,0.0,0.0,0.0,1,723,4.0,1.0,0.01,0.0
0.0,2.08,0.0,0.0,2.23,1.04,0.0,0.0,0.0,0.0,94.65,0.0,0.0,0.0,1,748,4.0,1.0,0.01,0.0
0.0,2.08,0.0,0.0,2.23,1.04,0.0,0.0,0.0,0.0,94.65,0.0,0.0,0.0,1,773,4.0,1.0,0.01,0.0
0.0,2.08,0.0,0.0,2.23,1.04,0.0,0.0,0.0,0.0,94.65,0.0,0.0,0.0,1,798,4.0,1.0,0.01,0.0
0.0,2.08,0.0,0.0,2.23,1.04,0.0,0.0,0.0,0.0,94.65,0.0,0.0,0.0,1,823,4.0,1.0,0.01,0.0
0.0,2.08,0.0,0.0,2.23,1.04,0.0,0.0,0.0,0.0,94.65,0.0,0.0,0.0,1,848,4.0,1.0,0.01,0.0
0.0,2.08,0.0,0.0,2.23,1.04,0.0,0.0,0.0,0.0,94.65,0.0,0.0,0.0,1,873,4.0,1.0,0.01,0.0
0.0,2.08,0.0,0.0,2.23,1.04,0.0,0.0,0.0,0.0,94.65,0.0,0.0,0.0,1,898,4.0,1.0,0.01,0.0
0.0,2.08,0.0,0.0,2.23,1.04,0.0,0.0,0.0,0.0,94.65,0.0,0.0,0.0,1,923,4.0,1.0,0.01,0.0
0.0,2.08,0.0,0.0,2.23,1.04,0.0,0.0,0.0,0.0,94.65,0.0,0.0,0.0,1,948,4.0,1.0,0.01,0.2
0.0,2.08,0.0,0.0,2.23,1.04,0.0,0.0,0.0,0.0,94.65,0.0,0.0,0.0,1,973,4.0,1.0,0.01,0.5
0.0,2.08,0.0,0.0,2.23,1.04,0.0,0.0,0.0,0.0,94.65,0.0,0.0,0.0,1,998,4.0,1.0,0.01,1.9
0.0,2.08,0.0,0.0,2.23,1.04,0.0,0.0,0.0,0.0,94.65,0.0,0.0,0.0,1,1023,4.0,1.0,0.01,6.2
0.0,2.08,0.0,0.0,2.23,1.04,0.0,0.0,0.0,0.0,94.65,0.0,0.0,0.0,1,1048,4.0,1.0,0.01,12.3
0.0,2.08,0.0,0.0,2.23,1.04,0.0,0.0,0.0,0.0,94.65,0.0,0.0,0.0,1,1073,4.0,1.0,0.01,13.2
0.0,2.08,0.0,0.0,2.23,1.04,0.0,0.0,0.0,0.0,94.65,0.0,0.0,0.0,1,1073,2.0,1.0,0.36,19.5
0.0,2.08,0.0,0.0,2.23,1.04,0.0,0.0,0.0,0.0,94.65,0.0,0.0,0.0,1,823,4.0,1.0,0.07,0.1
0.0,2.08,0.0,0.0,2.23,1.04,0.0,0.0,0.0,0.0,94.65,0.0,0.0,0.0,1,873,4.0,1.0,0.07,0.3
0.0,2.08,0.0,0.0,2.23,1.04,0.0,0.0,0.0,0.0,94.65,0.0,0.0,0.0,1,923,4.0,1.0,0.07,0.4
0.0,2.08,0.0,0.0,2.23,1.04,0.0,0.0,0.0,0.0,94.65,0.0,0.0,0.0,1,973,4.0,1.0,0.07,2.7
0.0,2.08,0.0,0.0,2.23,1.04,0.0,0.0,0.0,0.0,94.65,0.0,0.0,0.0,1,1023,4.0,1.0,0.07,16.2
0.0,2.08,0.0,0.0,2.23,1.04,0.0,0.0,0.0,0.0,94.65,0.0,0.0,0.0,1,1073,4.0,1.0,0.07,23.2
0.0,2.08,0.0,0.0,2.23,1.04,0.0,0.0,0.0,0.0,94.65,0.0,0.0,0.0,1,1023,3.0,1.0,0.36,20.0
0.0,2.08,0.0,0.0,2.23,1.04,0.0,0.0,0.0,0.0,94.65,0.0,0.0,0.0,1,1073,3.0,1.0,0.36,19.5
0.0,2.08,0.0,0.0,2.23,1.04,0.0,0.0,0.0,0.0,94.65,0.0,0.0,0.0,1,1123,3.0,1.0,0.36,17.3
0.0,2.08,0.0,0.0,2.23,1.04,0.0,0.0,0.0,0.0,94.65,0.0,0.0,0.0,1,1043,4.0,1.2,0.13,12.4
0.0,2.08,0.0,0.0,2.23,1.04,0.0,0.01,0.0,0.0,94.64,0.0,0.0,0.0,1,1043,4.0,1.2,0.13,11.2
0.0,2.08,0.01,0.0,2.23,1.04,0.0,0.0,0.0,0.0,94.64,0.0,0.0,0.0,1,1043,4.0,1.2,0.13,12.7
0.0,2.1,0.0,0.0,2.2,1.0,0.0,0.0,0.0,0.0,94.7,0.0,0.0,0.0,1,1023,7.4,1.0,0.02,2.1
0.0,2.15,0.0,0.0,2.16,1.07,0.0,0.0,0.0,0.0,94.62,0.0,0.0,0.0,1,1073,5.0,1.0,0.17,19.6
0.0,2.15,0.0,0.0,2.16,1.07,0.0,0.0,0.0,0.0,94.62,0.0,0.0,0.0,1,1053,5.0,1.0,0.17,13.7
0.0,2.15,0.0,0.0,2.16,1.07,0.0,0.0,0.0,0.0,94.62,0.0,0.0,0.0,1,1033,5.0,1.0,0.17,5.3
0.0,2.15,0.0,0.0,2.16,1.07,0.0,0.0,0.0,0.0,94.62,0.0,0.0,0.0,1,1013,5.0,1.0,0.17,1.1
0.0,2.15,0.0,0.0,2.16,1.07,0.0,0.0,0.0,0.0,94.62,0.0,0.0,0.0,1,993,5.0,1.0,0.17,0.6
0.0,2.1,0.0,0.0,2.14,1.05,0.0,0.0,0.0,0.0,94.71,0.0,0.0,0.0,1,973,7.4,1.0,0.37,1.0
0.0,2.1,0.0,0.0,2.14,1.05,0.0,0.0,0.0,0.0,94.71,0.0,0.0,0.0,1,1023,7.4,1.0,0.37,4.4
0.0,2.1,0.0,0.0,2.14,1.05,0.0,0.0,0.0,0.0,94.71,0.0,0.0,0.0,1,1073,7.4,1.0,0.37,7.7
0.0,2.11,0.0,0.0,2.13,1.06,0.0,0.0,0.0,0.0,92.39,0.0,0.0,2.31,1,1073,5.0,1.0,0.18,21.9
0.0,2.11,0.0,0.0,2.13,1.06,0.0,0.0,0.0,0.0,92.39,0.0,0.0,2.31,1,1053,5.0,1.0,0.18,20.2
0.0,2.11,0.0,0.0,2.13,1.06,0.0,0.0,0.0,0.0,92.39,0.0,0.0,2.31,1,1033,5.0,1.0,0.18,18.3
0.0,2.11,0.0,0.0,2.13,1.06,0.0,0.0,0.0,0.0,92.39,0.0,0.0,2.31,1,1013,5.0,1.0,0.18,15.7
0.0,2.11,0.0,0.0,2.13,1.06,0.0,0.0,0.0,0.0,92.39,0.0,0.0,2.31,1,993,5.0,1.0,0.18,14.0
0.0,2.11,0.0,0.0,2.13,1.06,0.0,0.0,0.0,0.0,92.43,0.0,0.0,2.37,1,1073,5.0,1.0,0.18,23.3
0.0,2.11,0.0,0.0,2.13,1.06,0.0,0.0,0.0,0.0,92.43,0.0,0.0,2.37,1,1053,5.0,1.0,0.18,21.5
0.0,2.11,0.0,0.0,2.13,1.06,0.0,0.0,0.0,0.0,92.43,0.0,0.0,2.37,1,1033,5.0,1.0,0.18,21.8
0.0,2.11,0.0,0.0,2.13,1.06,0.0,0.0,0.0,0.0,92.43,0.0,0.0,2.37,1,1013,5.0,1.0,0.18,19.8
0.0,2.11,0.0,0.0,2.13,1.06,0.0,0.0,0.0,0.0,92.43,0.0,0.0,2.37,1,993,5.0,1.0,0.18,19.6
0.0,2.11,0.0,0.0,2.13,1.06,0.0,0.0,0.0,0.0,94.09,0.0,0.0,0.64,1,993,5.0,1.0,0.17,9.6
0.0,2.11,0.0,0.0,2.13,1.06,0.0,0.0,0.0,0.0,94.01,0.0,0.0,0.71,1,993,5.0,1.0,0.17,13.8
0.0,2.11,0.0,0.0,2.13,1.06,0.0,0.0,0.0,0.0,93.8,0.0,0.0,0.93,1,993,5.0,1.0,0.17,18.3
0.0,2.11,0.0,0.0,2.13,1.06,0.0,0.0,0.0,0.0,93.58,0.0,0.0,1.14,1,993,5.0,1.0,0.17,21.5
0.0,2.11,0.0,0.0,2.13,1.06,0.0,0.0,0.0,0.0,93.28,0.0,0.0,1.43,1,993,5.0,1.0,0.16,24.5
0.0,2.08,0.0,0.0,2.11,1.04,0.0,0.0,0.0,0.0,94.76,0.0,0.0,0.0,1,923,7.4,1.0,0.07,0.3
0.0,2.08,0.0,0.0,2.11,1.04,0.0,0.0,0.0,0.0,94.76,0.0,0.0,0.0,1,948,7.4,1.0,0.07,3.0
0.0,2.08,0.0,0.0,2.11,1.04,0.0,0.0,0.0,0.0,94.76,0.0,0.0,0.0,1,998,7.4,1.0,0.07,7.9
0.0,2.08,0.0,0.0,2.11,1.04,0.0,0.0,0.0,0.0,94.76,0.0,0.0,0.0,1,1048,7.4,1.0,0.07,13.2
0.0,2.08,0.0,0.0,2.11,1.04,0.0,0.0,0.0,0.0,94.76,0.0,0.0,0.0,1,1073,7.4,1.0,0.07,13.9
0.0,2.1,0.0,0.0,2.1,1.0,0.0,0.0,0.0,0.0,94.8,0.0,0.0,0.0,1,1123,4.6,1.0,1.33,26.4
84.3,9.1,0.0,0.0,1.8,4.8,0.0,0.0,0.0,0.0,0.0,0.0,0.0,0.0,1,1073,7.3,1.0,0.52,16.0
0.0,2.1,0.0,0.0,1.56,1.05,0.0,0.0,0.0,0.0,95.3,0.0,0.0,0.0,1,1073,4.0,1.0,0.0,18.5
0.0,2.1,0.0,0.0,1.56,1.05,0.0,0.0,0.0,0.0,95.3,0.0,0.0,0.0,1,1073,3.0,1.0,0.05,19.2
0.0,2.1,0.0,0.0,1.56,1.05,0.0,0.0,0.0,0.0,95.3,0.0,0.0,0.0,1,1073,3.0,1.0,0.05,15.9
0.0,2.1,0.0,0.0,1.56,1.05,0.0,0.0,0.0,0.0,95.3,0.0,0.0,0.0,1,1073,3.0,1.0,0.05,5.7
0.0,2.1,0.0,0.0,1.56,1.05,0.0,0.0,0.0,0.0,95.3,0.0,0.0,0.0,1,1073,3.0,1.0,0.05,0.9
0.0,2.1,0.0,0.0,1.56,1.05,0.0,0.0,0.0,0.0,95.3,0.0,0.0,0.0,1,1023,6.0,1.0,0.01,9.1
0.0,2.1,0.0,0.0,1.56,1.05,0.0,0.0,0.0,0.0,95.3,0.0,0.0,0.0,1,1048,6.0,1.0,0.01,11.3
0.0,2.1,0.0,0.0,1.56,1.05,0.0,0.0,0.0,0.0,95.3,0.0,0.0,0.0,1,1073,6.0,1.0,0.01,12.9
0.0,2.1,0.0,0.0,1.56,1.05,0.0,0.0,0.0,0.0,95.3,0.0,0.0,0.0,1,1073,9.0,1.0,0.01,8.5
0.0,2.1,0.0,0.0,1.56,1.05,0.0,0.0,0.0,0.0,95.3,0.0,0.0,0.0,1,1073,12.0,1.0,0.01,8.3
0.0,2.1,0.0,0.0,1.56,1.05,0.0,0.0,0.0,0.0,95.3,0.0,0.0,0.0,1,1073,15.0,1.0,0.01,6.5
0.0,2.1,0.0,0.0,1.56,1.05,0.0,0.0,0.0,0.0,95.3,0.0,0.0,0.0,1,1073,18.0,1.0,0.01,5.6
0.0,2.1,0.0,0.0,1.56,1.05,0.0,0.0,0.0,0.0,95.3,0.0,0.0,0.0,1,1073,21.0,1.0,0.01,5.1
96.4,1.4,0.0,0.0,1.5,0.7,0.0,0.0,0.0,0.0,0.0,0.0,0.0,0.0,1,1023,7.4,1.0,0.02,2.6
0.0,10.72,0.0,0.0,1.45,3.77,0.0,0.0,0.0,0.0,84.06,0.0,0.0,0.0,1,1023,4.0,1.3,0.02,5.9
0.0,14.99,0.0,0.0,1.15,4.03,0.0,0.0,0.0,0.0,79.83,0.0,0.0,0.0,1,1023,4.0,1.3,0.02,8.7
0.0,1.43,0.0,0.0,1.06,0.71,0.0,0.0,0.0,0.0,0.0,96.8,0.0,0.0,1,1073,4.0,1.0,0.17,3.2
0.0,2.77,0.0,0.0,1.03,1.39,0.0,0.0,0.0,0.0,0.0,0.0,0.0,94.81,1,1023,4.0,1.0,0.01,2.9
0.0,9.1,0.0,0.0,1.0,4.5,0.0,0.0,0.0,0.0,85.4,0.0,0.0,0.0,1,1048,7.3,1.0,0.22,18.5
0.0,2.17,2.28,0.0,0.77,1.09,0.0,0.0,0.0,0.0,93.69,0.0,0.0,0.0,1,943,7.4,1.0,0.06,0.0
0.0,2.17,2.28,0.0,0.77,1.09,0.0,0.0,0.0,0.0,93.69,0.0,0.0,0.0,1,973,7.4,1.0,0.06,1.3
0.0,2.17,2.28,0.0,0.77,1.09,0.0,0.0,0.0,0.0,93.69,0.0,0.0,0.0,1,998,7.4,1.0,0.06,4.2
0.0,2.17,2.28,0.0,0.77,1.09,0.0,0.0,0.0,0.0,93.69,0.0,0.0,0.0,1,1023,7.4,1.0,0.06,11.1
0.0,2.17,2.28,0.0,0.77,1.09,0.0,0.0,0.0,0.0,93.69,0.0,0.0,0.0,1,1048,7.4,1.0,0.06,20.5
0.0,2.17,2.28,0.0,0.77,1.09,0.0,0.0,0.0,0.0,93.69,0.0,0.0,0.0,1,1073,7.4,1.0,0.06,20.2
0.0,0.72,0.0,0.0,0.77,0.36,0.0,0.0,0.0,0.0,49.07,0.0,49.07,0.0,1,723,4.0,1.0,0.01,0.0
0.0,0.72,0.0,0.0,0.77,0.36,0.0,0.0,0.0,0.0,49.07,0.0,49.07,0.0,1,748,4.0,1.0,0.01,0.0
0.0,0.72,0.0,0.0,0.77,0.36,0.0,0.0,0.0,0.0,49.07,0.0,49.07,0.0,1,773,4.0,1.0,0.01,0.0
0.0,0.72,0.0,0.0,0.77,0.36,0.0,0.0,0.0,0.0,49.07,0.0,49.07,0.0,1,798,4.0,1.0,0.01,0.0
0.0,0.72,0.0,0.0,0.77,0.36,0.0,0.0,0.0,0.0,49.07,0.0,49.07,0.0,1,823,4.0,1.0,0.01,0.0
0.0,0.72,0.0,0.0,0.77,0.36,0.0,0.0,0.0,0.0,49.07,0.0,49.07,0.0,1,848,4.0,1.0,0.01,0.0
0.0,0.72,0.0,0.0,0.77,0.36,0.0,0.0,0.0,0.0,49.07,0.0,49.07,0.0,1,873,4.0,1.0,0.01,0.0
0.0,0.72,0.0,0.0,0.77,0.36,0.0,0.0,0.0,0.0,49.07,0.0,49.07,0.0,1,898,4.0,1.0,0.01,0.0
0.0,0.72,0.0,0.0,0.77,0.36,0.0,0.0,0.0,0.0,49.07,0.0,49.07,0.0,1,923,4.0,1.0,0.01,0.0
0.0,0.72,0.0,0.0,0.77,0.36,0.0,0.0,0.0,0.0,49.07,0.0,49.07,0.0,1,948,4.0,1.0,0.01,0.2
0.0,0.72,0.0,0.0,0.77,0.36,0.0,0.0,0.0,0.0,49.07,0.0,49.07,0.0,1,973,4.0,1.0,0.01,0.6
0.0,0.72,0.0,0.0,0.77,0.36,0.0,0.0,0.0,0.0,49.07,0.0,49.07,0.0,1,998,4.0,1.0,0.01,1.8
0.0,0.72,0.0,0.0,0.77,0.36,0.0,0.0,0.0,0.0,49.07,0.0,49.07,0.0,1,1023,4.0,1.0,0.01,3.6
0.0,0.72,0.0,0.0,0.77,0.36,0.0,0.0,0.0,0.0,49.07,0.0,49.07,0.0,1,1048,4.0,1.0,0.01,6.7
0.0,0.72,0.0,0.0,0.77,0.36,0.0,0.0,0.0,0.0,49.07,0.0,49.07,0.0,1,1073,4.0,1.0,0.01,8.2
0.0,0.72,0.0,0.0,0.77,0.36,0.0,0.0,0.0,0.0,49.07,0.0,49.07,0.0,1,723,4.0,1.0,0.01,0.1
0.0,0.72,0.0,0.0,0.77,0.36,0.0,0.0,0.0,0.0,49.07,0.0,49.07,0.0,1,998,4.0,1.0,0.01,1.7
0.0,0.72,0.0,0.0,0.77,0.36,0.0,0.0,0.0,0.0,49.07,0.0,49.07,0.0,1,1023,4.0,1.0,0.01,3.7
0.0,0.72,0.0,0.0,0.77,0.36,0.0,0.0,0.0,0.0,49.07,0.0,49.07,0.0,1,1048,4.0,1.0,0.01,6.5
0.0,0.72,0.0,0.0,0.77,0.36,0.0,0.0,0.0,0.0,49.07,0.0,49.07,0.0,1,1073,4.0,1.0,0.01,9.4
0.0,0.72,0.0,0.0,0.77,0.36,0.0,0.0,0.0,0.0,49.07,0.0,49.07,0.0,1,748,4.0,1.0,0.01,0.1
0.0,0.72,0.0,0.0,0.77,0.36,0.0,0.0,0.0,0.0,49.07,0.0,49.07,0.0,1,773,4.0,1.0,0.01,0.1
0.0,0.72,0.0,0.0,0.77,0.36,0.0,0.0,0.0,0.0,49.07,0.0,49.07,0.0,1,798,4.0,1.0,0.01,0.1
0.0,0.72,0.0,0.0,0.77,0.36,0.0,0.0,0.0,0.0,49.07,0.0,49.07,0.0,1,873,4.0,1.0,0.01,0.1
0.0,0.72,0.0,0.0,0.77,0.36,0.0,0.0,0.0,0.0,49.07,0.0,49.07,0.0,1,898,4.0,1.0,0.01,0.1
0.0,0.72,0.0,0.0,0.77,0.36,0.0,0.0,0.0,0.0,49.07,0.0,49.07,0.0,1,923,4.0,1.0,0.01,0.1
0.0,0.72,0.0,0.0,0.77,0.36,0.0,0.0,0.0,0.0,49.07,0.0,49.07,0.0,1,948,4.0,1.0,0.01,0.1
0.0,0.72,0.0,0.0,0.77,0.36,0.0,0.0,0.0,0.0,49.07,0.0,49.07,0.0,1,973,4.0,1.0,0.01,0.2
0.0,0.72,0.0,0.0,0.77,0.36,0.0,0.0,0.0,0.0,49.07,0.0,49.07,0.0,1,998,4.0,1.0,0.01,0.5
0.0,0.72,0.0,0.0,0.77,0.36,0.0,0.0,0.0,0.0,49.07,0.0,49.07,0.0,1,1023,4.0,1.0,0.01,1.2
0.0,0.72,0.0,0.0,0.77,0.36,0.0,0.0,0.0,0.0,49.07,0.0,49.07,0.0,1,1048,4.0,1.0,0.01,3.5
0.0,0.72,0.0,0.0,0.77,0.36,0.0,0.0,0.0,0.0,49.07,0.0,49.07,0.0,1,1073,4.0,1.0,0.01,6.8
0.0,0.72,0.0,0.0,0.77,0.36,0.0,0.0,0.0,0.0,49.07,0.0,49.07,0.0,1,998,4.0,1.0,0.01,0.4
0.0,0.72,0.0,0.0,0.77,0.36,0.0,0.0,0.0,0.0,49.07,0.0,49.07,0.0,1,1023,4.0,1.0,0.01,1.3
0.0,0.72,0.0,0.0,0.77,0.36,0.0,0.0,0.0,0.0,49.07,0.0,49.07,0.0,1,1048,4.0,1.0,0.01,2.7
0.0,0.72,0.0,0.0,0.77,0.36,0.0,0.0,0.0,0.0,49.07,0.0,49.07,0.0,1,1073,4.0,1.0,0.01,5.2
0.0,0.72,0.0,0.0,0.77,0.36,0.0,0.0,0.0,0.0,49.07,0.0,49.07,0.0,1,1023,3.0,1.0,0.36,16.0
0.0,0.72,0.0,0.0,0.77,0.36,0.0,0.0,0.0,0.0,49.07,0.0,49.07,0.0,1,1073,3.0,1.0,0.36,18.2
0.0,0.72,0.0,0.0,0.77,0.36,0.0,0.0,0.0,0.0,49.07,0.0,49.07,0.0,1,1123,3.0,1.0,0.36,17.2
0.0,0.72,0.0,0.0,0.77,0.36,0.0,0.0,0.0,0.0,49.07,0.0,49.07,0.0,1,1023,3.0,1.0,0.36,10.8
0.0,0.72,0.0,0.0,0.77,0.36,0.0,0.0,0.0,0.0,49.07,0.0,49.07,0.0,1,1073,3.0,1.0,0.36,22.0
0.0,0.72,0.0,0.0,0.77,0.36,0.0,0.0,0.0,0.0,49.07,0.0,49.07,0.0,1,1123,3.0,1.0,0.36,19.7
0.0,4.31,0.0,0.0,1.6,2.15,0.0,2.38,0.0,0.0,89.55,0.0,0.0,0.0,1,973,5.0,1.0,0.16,7.1
0.0,4.37,0.0,0.0,3.25,2.18,0.0,4.82,0.0,0.0,85.38,0.0,0.0,0.0,1,973,5.0,1.0,0.16,11.6
0.0,4.42,0.0,0.0,4.94,2.21,0.0,7.32,0.0,0.0,81.1,0.0,0.0,0.0,1,973,5.0,1.0,0.16,14.6
0.0,4.48,0.0,0.0,6.67,2.24,0.0,9.89,0.0,0.0,76.71,0.0,0.0,0.0,1,973,5.0,1.0,0.15,14.3
0.0,4.54,0.0,0.0,8.46,2.27,0.0,12.54,0.0,0.0,72.2,0.0,0.0,0.0,1,973,5.0,1.0,0.15,14.1
0.0,4.31,0.0,0.0,1.34,2.15,0.0,2.64,0.0,0.0,89.56,0.0,0.0,0.0,1,973,5.0,1.0,0.16,6.6
0.0,4.37,0.0,0.0,2.71,2.18,0.0,5.35,0.0,0.0,85.39,0.0,0.0,0.0,1,973,5.0,1.0,0.16,11.1
0.0,4.42,0.0,0.0,4.12,2.21,0.0,8.14,0.0,0.0,81.11,0.0,0.0,0.0,1,973,5.0,1.0,0.16,14.1
0.0,4.48,0.0,0.0,5.56,2.24,0.0,10.99,0.0,0.0,76.72,0.0,0.0,0.0,1,973,5.0,1.0,0.15,13.9
0.0,4.54,0.0,0.0,7.05,2.27,0.0,13.93,0.0,0.0,72.21,0.0,0.0,0.0,1,973,5.0,1.0,0.15,14.1
0.0,4.31,0.0,0.0,2.41,2.15,0.0,1.59,0.0,0.0,89.55,0.0,0.0,0.0,1,973,5.0,1.0,0.16,7.0
0.0,4.36,0.0,0.0,4.87,2.18,0.0,3.21,0.0,0.0,85.37,0.0,0.0,0.0,1,973,5.0,1.0,0.16,11.2
0.0,4.42,0.0,0.0,7.41,2.21,0.0,4.88,0.0,0.0,81.08,0.0,0.0,0.0,1,973,5.0,1.0,0.15,13.6
0.0,4.48,0.0,0.0,10.01,2.24,0.0,6.59,0.0,0.0,76.68,0.0,0.0,0.0,1,973,5.0,1.0,0.15,13.7
0.0,4.54,0.0,0.0,12.68,2.27,0.0,8.35,0.0,0.0,72.16,0.0,0.0,0.0,1,973,5.0,1.0,0.15,13.8
0.0,4.31,0.0,0.0,2.67,2.15,0.0,1.32,0.0,0.0,89.54,0.0,0.0,0.0,1,973,5.0,1.0,0.16,6.7
0.0,4.36,0.0,0.0,5.42,2.18,0.0,2.68,0.0,0.0,85.36,0.0,0.0,0.0,1,973,5.0,1.0,0.16,11.3
0.0,4.42,0.0,0.0,8.23,2.21,0.0,4.07,0.0,0.0,81.07,0.0,0.0,0.0,1,973,5.0,1.0,0.15,13.8
0.0,4.48,0.0,0.0,11.12,2.24,0.0,5.49,0.0,0.0,76.67,0.0,0.0,0.0,1,973,5.0,1.0,0.15,14.5
0.0,4.54,0.0,0.0,14.08,2.27,0.0,6.96,0.0,0.0,72.15,0.0,0.0,0.0,1,973,5.0,1.0,0.15,13.9
0.0,4.3,0.0,0.0,1.6,2.15,0.0,1.58,0.0,0.0,90.37,0.0,0.0,0.0,1,973,5.0,1.0,0.16,8.0
0.0,4.34,0.0,0.0,3.23,2.17,0.0,3.2,0.0,0.0,87.06,0.0,0.0,0.0,1,973,5.0,1.0,0.16,11.0
0.0,4.39,0.0,0.0,4.9,2.19,0.0,4.84,0.0,0.0,83.68,0.0,0.0,0.0,1,973,5.0,1.0,0.16,14.5
0.0,4.43,0.0,0.0,6.6,2.22,0.0,6.53,0.0,0.0,80.22,0.0,0.0,0.0,1,973,5.0,1.0,0.15,14.3
0.0,4.48,0.0,0.0,8.34,2.24,0.0,8.24,0.0,0.0,76.69,0.0,0.0,0.0,1,973,5.0,1.0,0.15,14.2
0.0,1.71,0.0,0.0,4.78,0.86,0.0,4.73,0.0,0.0,87.93,0.0,0.0,0.0,1,973,5.0,1.0,0.16,12.2
0.0,3.48,0.0,0.0,4.86,1.74,0.0,4.8,0.0,0.0,85.12,0.0,0.0,0.0,1,973,5.0,1.0,0.16,13.0
0.0,7.2,0.0,0.0,5.02,3.6,0.0,4.97,0.0,0.0,79.21,0.0,0.0,0.0,1,973,5.0,1.0,0.16,14.2
0.0,9.16,0.0,0.0,5.11,4.58,0.0,5.05,0.0,0.0,76.1,0.0,0.0,0.0,1,973,5.0,1.0,0.15,14.0
0.0,4.39,0.0,0.0,4.9,2.19,0.0,4.84,0.0,0.0,83.68,0.0,0.0,0.0,1,973,2.0,1.0,0.16,14.1
0.0,4.39,0.0,0.0,4.9,2.19,0.0,4.84,0.0,0.0,83.68,0.0,0.0,0.0,1,973,3.0,1.0,0.16,14.5
0.0,4.39,0.0,0.0,4.9,2.19,0.0,4.84,0.0,0.0,83.68,0.0,0.0,0.0,1,973,4.0,1.0,0.16,13.7
0.0,4.39,0.0,0.0,4.9,2.19,0.0,4.84,0.0,0.0,83.68,0.0,0.0,0.0,1,973,6.0,1.0,0.16,14.3
0.0,4.39,0.0,0.0,4.9,2.19,0.0,4.84,0.0,0.0,83.68,0.0,0.0,0.0,1,973,7.0,1.0,0.16,13.0
0.0,4.39,0.0,0.0,4.9,2.19,0.0,4.84,0.0,0.0,83.68,0.0,0.0,0.0,1,973,8.0,1.0,0.16,12.3
0.0,4.39,0.0,0.0,4.9,2.19,0.0,4.84,0.0,0.0,83.68,0.0,0.0,0.0,1,973,5.0,1.0,0.04,13.9
0.0,4.39,0.0,0.0,4.9,2.19,0.0,4.84,0.0,0.0,83.68,0.0,0.0,0.0,1,973,5.0,1.0,0.08,14.0
0.0,4.39,0.0,0.0,4.9,2.19,0.0,4.84,0.0,0.0,83.68,0.0,0.0,0.0,1,973,5.0,1.0,0.12,13.9
0.0,4.39,0.0,0.0,4.9,2.19,0.0,4.84,0.0,0.0,83.68,0.0,0.0,0.0,1,973,5.0,1.0,0.2,12.1
0.0,4.39,0.0,0.0,4.9,2.19,0.0,4.84,0.0,0.0,83.68,0.0,0.0,0.0,1,973,5.0,1.0,0.24,10.6
0.0,4.39,0.0,0.0,4.9,2.19,0.0,4.84,0.0,0.0,83.68,0.0,0.0,0.0,1,973,5.0,1.0,0.31,9.2
0.0,4.39,0.0,0.0,4.9,2.19,0.0,4.84,0.0,0.0,83.68,0.0,0.0,0.0,1,1073,5.0,1.0,0.16,18.7
0.0,4.39,0.0,0.0,4.9,2.19,0.0,4.84,0.0,0.0,83.68,0.0,0.0,0.0,1,1053,5.0,1.0,0.16,17.6
0.0,4.39,0.0,0.0,4.9,2.19,0.0,4.84,0.0,0.0,83.68,0.0,0.0,0.0,1,1033,5.0,1.0,0.16,16.4
0.0,4.39,0.0,0.0,4.9,2.19,0.0,4.84,0.0,0.0,83.68,0.0,0.0,0.0,1,1013,5.0,1.0,0.16,16.0
0.0,4.39,0.0,0.0,4.9,2.19,0.0,4.84,0.0,0.0,83.68,0.0,0.0,0.0,1,993,5.0,1.0,0.16,15.0
0.0,4.39,0.0,0.0,4.9,2.19,0.0,4.84,0.0,0.0,83.68,0.0,0.0,0.0,1,973,5.0,1.0,0.16,14.4
0.0,4.39,0.0,0.0,4.9,2.19,0.0,4.84,0.0,0.0,83.68,0.0,0.0,0.0,1,953,5.0,1.0,0.16,7.4
